https://www.kaggle.com/ulascengiz/price-history-of-1654-cryptocurrencies,,,,,,,
,close,date,high,low,market_cap,open,volume
0,601.08,8-Jun-18,608.81,595.59,"60,504,500,000",605.44,"1,637,780,000"
1,605.19,7-Jun-18,616.14,601.69,"60,716,100,000",607.69,"1,880,140,000"
2,607.12,6-Jun-18,611.64,596.4,"60,960,700,000",610.26,"1,756,530,000"
3,609.3,5-Jun-18,611.33,580.98,"59,264,900,000",593.41,"1,844,270,000"
4,592.99,4-Jun-18,623.43,583.75,"61,851,800,000",619.44,"1,903,430,000"
5,618.33,3-Jun-18,624.51,591.26,"59,026,100,000",591.26,"1,832,550,000"
6,591.81,2-Jun-18,597.08,577.32,"57,932,900,000",580.43,"1,880,390,000"
7,580.04,1-Jun-18,589.09,567.66,"57,745,700,000",578.67,"1,945,890,000"
8,577.64,31-May-18,585.54,557.07,"55,720,800,000",558.5,"1,985,040,000"
9,559.59,30-May-18,583.14,545.43,"56,540,500,000",566.83,"2,053,970,000"
10,565.39,29-May-18,572.26,516.15,"51,474,400,000",516.15,"2,330,820,000"
11,516.04,28-May-18,576.05,512.55,"57,136,700,000",573.04,"2,356,900,000"
12,572.67,27-May-18,590.33,562.87,"58,667,600,000",588.52,"1,788,790,000"
13,587.28,26-May-18,606.17,583.51,"58,546,400,000",587.43,"1,694,300,000"
14,586.73,25-May-18,617.19,575.62,"60,000,400,000",602.14,"2,110,920,000"
15,601.75,24-May-18,610.82,557.21,"58,234,400,000",584.54,"2,791,100,000"
16,583.59,23-May-18,651.64,572.95,"64,411,000,000",646.67,"2,995,430,000"
17,647.74,22-May-18,700.98,644.03,"69,726,300,000",700.18,"2,230,470,000"
18,699.22,21-May-18,719.28,692.49,"71,405,800,000",717.19,"2,005,170,000"
19,715.37,20-May-18,723.75,692.67,"69,472,800,000",697.92,"2,156,910,000"
20,696.53,19-May-18,715.58,686.79,"69,174,600,000",695.07,"2,021,550,000"
21,694.37,18-May-18,695.03,663.81,"66,874,700,000",672.1,"2,305,740,000"
22,672.66,17-May-18,718.83,668.83,"70,503,400,000",708.72,"2,350,620,000"
23,707.05,16-May-18,710.2,682.54,"70,426,200,000",708.09,"2,476,130,000"
24,708.87,15-May-18,739.05,701,"72,704,300,000",731.14,"2,523,070,000"
25,730.55,14-May-18,742.17,695.79,"72,847,500,000",732.73,"3,005,110,000"
26,733.5,13-May-18,741.31,675.32,"68,304,000,000",687.17,"2,362,500,000"
27,686.05,12-May-18,691.41,644.07,"67,564,600,000",679.88,"2,668,480,000"
28,679.59,11-May-18,736.98,669.83,"72,233,800,000",727.01,"3,290,080,000"
29,727.28,10-May-18,766.75,726.66,"74,758,700,000",752.58,"2,748,950,000"
30,752.27,9-May-18,759.53,718.47,"74,775,300,000",752.9,"2,877,870,000"
31,752.86,8-May-18,774.25,728.13,"74,969,200,000",755.01,"2,920,490,000"
32,753.73,7-May-18,795.76,710.18,"78,758,700,000",793.34,"4,316,120,000"
33,792.31,6-May-18,835.06,764.88,"81,000,200,000",816.09,"3,105,570,000"
34,816.12,5-May-18,827.46,784.24,"77,857,000,000",784.58,"3,035,040,000"
35,785.62,4-May-18,803.75,762.63,"77,066,200,000",776.77,"3,533,410,000"
36,779.54,3-May-18,784.34,686.59,"68,104,600,000",686.59,"4,210,940,000"
37,687.15,2-May-18,688.84,667.42,"66,849,100,000",674.08,"2,822,270,000"
38,673.61,1-May-18,674.4,637.54,"66,477,200,000",670.46,"2,678,960,000"
39,669.92,30-Apr-18,694.44,666.12,"68,376,400,000",689.76,"2,853,100,000"
40,688.88,29-Apr-18,697.76,670.51,"67,782,400,000",683.91,"2,740,560,000"
41,683.68,28-Apr-18,691.44,644.65,"63,877,700,000",644.65,"2,496,660,000"
42,647.03,27-Apr-18,684.87,647.03,"65,594,600,000",662.11,"2,598,130,000"
43,662.81,26-Apr-18,663.18,604.01,"61,219,700,000",618.08,"2,984,010,000"
44,615.42,25-Apr-18,707.06,600.21,"70,018,900,000",707.06,"4,216,140,000"
45,708.16,24-Apr-18,708.88,643.4,"63,701,200,000",643.4,"3,581,860,000"
46,642.55,23-Apr-18,646.7,621.03,"61,490,600,000",621.2,"2,386,830,000"
47,621.86,22-Apr-18,640.77,593.87,"59,985,500,000",606.12,"2,426,270,000"
48,605.39,21-Apr-18,621.89,578.55,"60,951,100,000",616,"2,612,460,000"
49,615.72,20-Apr-18,618.72,560.28,"56,188,700,000",567.99,"2,849,470,000"
50,567.89,19-Apr-18,567.89,523.26,"51,829,900,000",524.04,"2,256,870,000"
51,524.79,18-Apr-18,525.09,503.05,"49,769,600,000",503.31,"1,762,940,000"
52,502.89,17-Apr-18,518.03,502.56,"50,534,000,000",511.14,"1,760,360,000"
53,511.15,16-Apr-18,534.2,500.25,"52,592,200,000",532.07,"1,758,980,000"
54,531.7,15-Apr-18,531.7,502.88,"49,696,300,000",502.88,"1,726,090,000"
55,501.48,14-Apr-18,512.02,488.28,"48,668,400,000",492.58,"1,519,080,000"
56,492.74,13-Apr-18,526.47,482.66,"48,715,400,000",493.16,"2,419,250,000"
57,492.94,12-Apr-18,493.06,417.41,"42,483,600,000",430.16,"2,519,360,000"
58,430.54,11-Apr-18,430.54,412.47,"40,980,200,000",415.02,"1,439,040,000"
59,414.24,10-Apr-18,415.89,393.88,"39,430,400,000",399.41,"1,196,000,000"
60,398.53,9-Apr-18,429.25,390.61,"39,565,100,000",400.86,"1,478,390,000"
61,400.51,8-Apr-18,402.59,385.6,"38,065,400,000",385.74,"948,488,000"
62,385.31,7-Apr-18,393.06,369.94,"36,541,900,000",370.38,"951,475,000"
63,370.29,6-Apr-18,385.19,366.91,"37,752,600,000",382.73,"967,106,000"
64,383.23,5-Apr-18,387.72,369.82,"37,470,200,000",379.95,"1,210,680,000"
65,380.54,4-Apr-18,417.47,375.31,"41,065,100,000",416.49,"1,287,730,000"
66,416.89,3-Apr-18,418.97,383.53,"38,180,800,000",387.31,"1,363,400,000"
67,386.43,2-Apr-18,395.17,377.59,"37,422,500,000",379.7,"1,102,260,000"
68,379.61,1-Apr-18,400.53,363.81,"39,144,700,000",397.25,"1,256,930,000"
69,396.46,31-Mar-18,418.47,392.95,"38,914,900,000",395,"1,323,920,000"
70,394.64,30-Mar-18,409.93,368.63,"38,010,600,000",385.9,"1,878,130,000"
71,385.97,29-Mar-18,450.81,385.81,"44,125,000,000",448.07,"1,970,230,000"
72,446.28,28-Mar-18,466.21,444.86,"44,334,000,000",450.29,"1,514,180,000"
73,450.12,27-Mar-18,491.46,449.97,"48,193,300,000",489.59,"1,617,940,000"
74,489.95,26-Mar-18,526.38,470.44,"51,598,000,000",524.29,"1,638,880,000"
75,524.29,25-Mar-18,535.82,515.66,"51,431,600,000",522.7,"1,151,170,000"
76,526.44,24-Mar-18,545.38,526.08,"53,375,400,000",542.57,"1,300,010,000"
77,539.62,23-Mar-18,540.49,512.13,"53,098,100,000",539.86,"1,596,350,000"
78,539.7,22-Mar-18,577.57,523.09,"55,273,800,000",562.1,"1,523,460,000"
79,561.73,21-Mar-18,589.61,550.57,"54,967,300,000",559.1,"1,781,270,000"
80,557.17,20-Mar-18,567.09,521.2,"54,722,100,000",556.72,"1,833,680,000"
81,556.73,19-Mar-18,558.1,519.12,"53,718,600,000",546.63,"2,046,790,000"
82,538.64,18-Mar-18,551.64,460.09,"54,200,100,000",551.64,"2,685,500,000"
83,552.78,17-Mar-18,609.15,549.1,"59,104,200,000",601.68,"1,267,810,000"
84,601.67,16-Mar-18,623.17,587.86,"60,083,700,000",611.78,"1,417,350,000"
85,611.3,15-Mar-18,620.62,579.5,"60,371,800,000",614.84,"1,770,460,000"
86,614.29,14-Mar-18,702.78,594.1,"67,857,600,000",691.22,"1,810,560,000"
87,690.83,13-Mar-18,713.74,682.35,"68,524,000,000",698.15,"1,425,960,000"
88,699.83,12-Mar-18,742.51,683.27,"71,086,000,000",724.41,"1,765,000,000"
89,723.34,11-Mar-18,735.83,668.12,"67,235,700,000",685.31,"1,562,680,000"
90,686.89,10-Mar-18,748.03,682.7,"71,620,700,000",730.16,"1,532,960,000"
91,728.92,9-Mar-18,729.16,648.11,"68,863,600,000",702.2,"2,233,020,000"
92,704.6,8-Mar-18,773.77,696.17,"73,788,400,000",752.57,"1,891,640,000"
93,752.83,7-Mar-18,825.61,726.55,"80,017,300,000",816.27,"2,175,420,000"
94,816.95,6-Mar-18,853.82,809.93,"83,680,400,000",853.82,"1,943,070,000"
95,853.68,5-Mar-18,869.92,853.52,"84,939,700,000",866.85,"1,898,490,000"
96,866.68,4-Mar-18,867.95,840.28,"83,877,800,000",856.19,"1,697,940,000"
97,857.23,3-Mar-18,868.45,855.21,"83,911,700,000",856.71,"1,699,370,000"
98,856.85,2-Mar-18,876.38,852.42,"85,368,100,000",871.76,"1,894,420,000"
99,872.2,1-Mar-18,880.3,851.92,"83,808,200,000",856.01,"1,868,520,000"
100,855.2,28-Feb-18,890.11,855.12,"85,936,400,000",877.93,"1,963,980,000"
101,878.26,27-Feb-18,896.26,867.1,"85,177,800,000",870.37,"2,053,980,000"
102,869.32,26-Feb-18,880.39,842.32,"82,705,400,000",845.28,"2,044,480,000"
103,844.81,25-Feb-18,853.15,822.38,"82,119,100,000",839.46,"1,646,960,000"
104,840.51,24-Feb-18,879.53,818.55,"84,266,700,000",861.59,"1,926,580,000"
105,864.19,23-Feb-18,886.32,794.79,"79,358,900,000",811.59,"2,334,820,000"
106,812.85,22-Feb-18,875.93,802.67,"83,025,800,000",849.26,"2,150,370,000"
107,849.97,21-Feb-18,912.38,830.56,"87,394,200,000",894.13,"2,531,730,000"
108,895.37,20-Feb-18,965.26,892.95,"92,206,500,000",943.57,"2,545,260,000"
109,943.87,19-Feb-18,957.78,921.55,"90,047,700,000",921.67,"2,169,020,000"
110,923.92,18-Feb-18,982.93,915.45,"95,077,100,000",973.35,"2,567,290,000"
111,974.12,17-Feb-18,976.6,940.75,"92,264,000,000",944.75,"2,525,720,000"
112,944.21,16-Feb-18,950,917.85,"91,272,100,000",934.79,"2,369,450,000"
113,936.98,15-Feb-18,951.95,911.11,"90,173,300,000",923.73,"2,900,100,000"
114,923.56,14-Feb-18,926.43,844.28,"82,400,600,000",844.28,"2,818,370,000"
115,845.26,13-Feb-18,870.71,828.84,"84,824,200,000",869.29,"2,081,170,000"
116,868.71,12-Feb-18,875.94,817.51,"79,754,400,000",817.51,"2,243,450,000"
117,814.66,11-Feb-18,859.29,788.22,"83,813,000,000",859.29,"2,486,650,000"
118,860.41,10-Feb-18,917.4,825.58,"86,055,600,000",882.47,"2,930,530,000"
119,883.87,9-Feb-18,884,788.83,"79,799,300,000",818.48,"2,495,820,000"
120,817.81,8-Feb-18,845.09,755.84,"73,676,900,000",755.84,"3,708,190,000"
121,757.07,7-Feb-18,851.2,723.43,"77,032,000,000",790.43,"3,896,180,000"
122,793.12,6-Feb-18,796.44,574.42,"68,958,700,000",707.74,"6,518,270,000"
123,697.95,5-Feb-18,856.65,644.6,"81,337,400,000",834.96,"4,269,530,000"
124,834.68,4-Feb-18,969.03,805.06,"93,953,400,000",964.67,"2,997,090,000"
125,964.02,3-Feb-18,991.94,847.69,"89,507,600,000",919.21,"3,243,480,000"
126,915.78,2-Feb-18,1035.77,757.98,"100,836,000,000",1035.77,"6,713,290,000"
127,1036.79,1-Feb-18,1161.35,984.82,"108,952,000,000",1119.37,"5,261,680,000"
128,1118.31,31-Jan-18,1128.66,1034.5,"104,231,000,000",1071.09,"3,757,560,000"
129,1071.13,30-Jan-18,1184.63,1058.97,"115,207,000,000",1184.13,"4,107,860,000"
130,1182.36,29-Jan-18,1256.7,1169.08,"121,269,000,000",1246.7,"3,715,080,000"
131,1246.01,28-Jan-18,1257.77,1111.78,"108,122,000,000",1111.78,"5,372,330,000"
132,1107.07,27-Jan-18,1121.98,1042.12,"102,651,000,000",1055.75,"3,002,870,000"
133,1055.17,26-Jan-18,1080.6,996.78,"102,334,000,000",1052.7,"3,617,690,000"
134,1056.03,25-Jan-18,1104.66,1034.74,"103,335,000,000",1063.22,"4,050,190,000"
135,1058.78,24-Jan-18,1062.44,965.81,"95,952,700,000",987.48,"3,944,040,000"
136,986.23,23-Jan-18,1023.23,920.54,"97,554,300,000",1004.17,"3,556,700,000"
137,1003.26,22-Jan-18,1089.1,930.74,"102,504,000,000",1055.35,"3,810,100,000"
138,1049.58,21-Jan-18,1155.68,1021.5,"112,226,000,000",1155.68,"3,378,090,000"
139,1155.15,20-Jan-18,1167.11,1044.95,"101,451,000,000",1044.95,"3,975,190,000"
140,1039.1,19-Jan-18,1093.22,1003.71,"99,863,900,000",1028.82,"4,084,450,000"
141,1036.28,18-Jan-18,1100.31,967.76,"98,642,100,000",1016.44,"5,938,320,000"
142,1014.25,17-Jan-18,1090.23,780.92,"102,974,000,000",1061.34,"8,545,160,000"
143,1053.69,16-Jan-18,1292.63,875.54,"125,389,000,000",1292.63,"8,405,140,000"
144,1291.92,15-Jan-18,1390.59,1290.6,"132,404,000,000",1365.21,"4,781,100,000"
145,1366.77,14-Jan-18,1400.56,1286.21,"135,503,000,000",1397.48,"4,841,630,000"
146,1396.42,13-Jan-18,1432.88,1270.47,"123,163,000,000",1270.47,"5,746,760,000"
147,1273.2,12-Jan-18,1296.04,1120.09,"112,263,000,000",1158.29,"5,222,300,000"
148,1154.93,11-Jan-18,1337.3,1135.17,"122,879,000,000",1268.09,"7,235,900,000"
149,1255.82,10-Jan-18,1417.38,1226.6,"125,976,000,000",1300.34,"9,214,950,000"
150,1299.74,9-Jan-18,1320.98,1145.49,"110,999,000,000",1146,"7,965,460,000"
151,1148.53,8-Jan-18,1266.93,1016.05,"112,164,000,000",1158.26,"8,450,970,000"
152,1153.17,7-Jan-18,1153.17,1043.01,"100,981,000,000",1043.01,"5,569,880,000"
153,1041.68,6-Jan-18,1060.71,994.62,"96,326,500,000",995.15,"4,662,220,000"
154,997.72,5-Jan-18,1075.39,956.33,"94,423,900,000",975.75,"6,683,150,000"
155,980.92,4-Jan-18,1045.08,946.09,"93,049,400,000",961.71,"6,502,860,000"
156,962.72,3-Jan-18,974.47,868.45,"85,703,500,000",886,"5,093,160,000"
157,884.44,2-Jan-18,914.83,772.35,"74,695,700,000",772.35,"5,783,350,000"
158,772.64,1-Jan-18,782.53,742,"73,075,800,000",755.76,"2,595,760,000"
159,756.73,31-Dec-17,760.35,710.12,"68,850,800,000",712.21,"2,554,270,000"
160,717.26,30-Dec-17,753.82,685.23,"72,856,900,000",753.82,"3,187,780,000"
161,753.59,29-Dec-17,770.12,729.61,"71,544,300,000",740.39,"2,648,970,000"
162,737.02,28-Dec-17,763.32,701.19,"73,637,100,000",762.21,"2,389,150,000"
163,762.84,27-Dec-17,789.25,738.41,"74,854,100,000",774.97,"2,100,030,000"
164,773.84,26-Dec-17,786.79,760.93,"73,717,800,000",763.37,"2,201,160,000"
165,765.83,25-Dec-17,782.52,698.87,"67,475,100,000",698.87,"2,491,760,000"
166,694.15,24-Dec-17,721.77,614.92,"69,671,200,000",721.77,"2,300,550,000"
167,719.39,23-Dec-17,763.89,679.73,"65,752,100,000",681.32,"2,480,340,000"
168,674.86,22-Dec-17,827.68,543.76,"79,374,400,000",822.64,"4,977,710,000"
169,821.06,21-Dec-17,880.54,792.69,"79,125,300,000",820.24,"3,569,060,000"
170,819.09,20-Dec-17,845.06,756,"79,810,600,000",827.52,"3,969,940,000"
171,826.82,19-Dec-17,881.94,785.34,"76,552,200,000",793.9,"4,096,550,000"
172,794.64,18-Dec-17,803.93,689.23,"69,578,400,000",721.73,"3,249,230,000"
173,719.98,17-Dec-17,735.83,696.24,"67,106,400,000",696.24,"2,147,390,000"
174,696.21,16-Dec-17,718.38,680.79,"66,124,200,000",686.19,"2,165,690,000"
175,684.45,15-Dec-17,697.13,621.06,"67,090,900,000",696.38,"2,758,710,000"
176,695.82,14-Dec-17,753.12,664.99,"67,482,900,000",700.59,"3,821,580,000"
177,702.77,13-Dec-17,747.99,597.8,"62,105,600,000",644.91,"4,524,540,000"
178,651.43,12-Dec-17,657.32,504.49,"50,286,400,000",522.29,"5,179,830,000"
179,515.14,11-Dec-17,516.97,439.1,"42,389,300,000",440.36,"1,771,440,000"
180,441.72,10-Dec-17,472.79,429.51,"45,501,400,000",472.79,"1,404,180,000"
181,473.5,9-Dec-17,504.15,456.25,"44,005,600,000",457.34,"2,003,850,000"
182,456.03,8-Dec-17,466.06,422.37,"41,845,800,000",434.99,"2,336,380,000"
183,434.41,7-Dec-17,441.4,414.41,"41,007,600,000",426.37,"2,129,570,000"
184,428.59,6-Dec-17,462.71,420.21,"44,483,100,000",462.6,"1,998,260,000"
185,463.28,5-Dec-17,473.56,457.66,"45,212,800,000",470.29,"1,216,720,000"
186,470.2,4-Dec-17,474.78,453.31,"44,795,700,000",466.05,"1,005,550,000"
187,465.85,3-Dec-17,482.81,451.85,"44,560,500,000",463.7,"990,557,000"
188,463.45,2-Dec-17,476.24,456.65,"44,853,300,000",466.85,"943,650,000"
189,466.54,1-Dec-17,472.61,428.31,"42,765,000,000",445.21,"1,247,880,000"
190,447.11,30-Nov-17,465.5,401.24,"41,411,900,000",431.21,"1,903,040,000"
191,427.52,29-Nov-17,522.31,425.07,"45,442,100,000",473.28,"2,675,940,000"
192,472.9,28-Nov-17,482.48,466.35,"46,127,200,000",480.52,"1,346,500,000"
193,480.36,27-Nov-17,493.4,468.49,"45,255,000,000",471.53,"1,396,480,000"
194,471.33,26-Nov-17,472.72,451.61,"44,712,100,000",465.97,"1,197,780,000"
195,466.28,25-Nov-17,485.19,461.05,"45,633,400,000",475.68,"1,422,080,000"
196,474.91,24-Nov-17,480.97,402.76,"39,564,300,000",412.5,"2,292,830,000"
197,410.17,23-Nov-17,425.55,376.09,"36,577,300,000",381.44,"1,845,680,000"
198,380.65,22-Nov-17,381.42,360.15,"34,544,000,000",360.31,"800,819,000"
199,360.4,21-Nov-17,372.47,350.69,"35,220,200,000",367.44,"949,912,000"
200,366.73,20-Nov-17,372.14,353.29,"33,933,400,000",354.09,"807,027,000"
201,354.39,19-Nov-17,371.29,344.74,"33,284,900,000",347.4,"1,181,530,000"
202,347.61,18-Nov-17,349.62,327.69,"31,800,700,000",331.98,"649,639,000"
203,332.39,17-Nov-17,334.96,327.52,"31,620,300,000",330.17,"621,733,000"
204,330.92,16-Nov-17,336.16,323.61,"31,927,300,000",333.44,"797,254,000"
205,333.36,15-Nov-17,340.91,329.81,"32,353,200,000",337.96,"722,666,000"
206,337.63,14-Nov-17,340.18,316.76,"30,317,300,000",316.76,"1,069,680,000"
207,316.72,13-Nov-17,328.42,307.02,"29,379,000,000",307.02,"1,041,890,000"
208,307.91,12-Nov-17,319.15,298.51,"30,106,200,000",314.69,"1,613,480,000"
209,314.68,11-Nov-17,319.45,298.19,"28,559,400,000",298.59,"842,301,000"
210,299.25,10-Nov-17,324.72,294.54,"30,665,200,000",320.67,"885,986,000"
211,320.88,9-Nov-17,329.45,307.06,"29,509,000,000",308.64,"893,250,000"
212,309.07,8-Nov-17,318.7,293.1,"28,128,700,000",294.27,"967,956,000"
213,294.66,7-Nov-17,304.84,290.77,"28,533,300,000",298.57,"540,766,000"
214,298.89,6-Nov-17,305.42,293.72,"28,322,700,000",296.43,"579,359,000"
215,296.26,5-Nov-17,301.37,295.12,"28,661,500,000",300.04,"337,658,000"
216,300.47,4-Nov-17,305.48,295.8,"29,175,300,000",305.48,"416,479,000"
217,305.71,3-Nov-17,308.31,287.69,"27,547,400,000",288.5,"646,340,000"
218,287.43,2-Nov-17,293.91,281.17,"27,754,200,000",290.73,"904,901,000"
219,291.69,1-Nov-17,306.4,290.58,"29,183,600,000",305.76,"553,864,000"
220,305.88,31-Oct-17,310.55,305.88,"29,331,500,000",307.38,"369,583,000"
221,307.75,30-Oct-17,310.5,304.35,"29,077,600,000",304.78,"331,442,000"
222,305.09,29-Oct-17,313.75,296.38,"28,270,200,000",296.38,"551,752,000"
223,296.3,28-Oct-17,300.36,293.58,"28,410,400,000",297.92,"264,424,000"
224,297.42,27-Oct-17,299.26,294.06,"28,270,100,000",296.51,"257,169,000"
225,296.53,26-Oct-17,301.07,295.22,"28,408,400,000",298.02,"270,273,000"
226,297.93,25-Oct-17,301.85,290.72,"28,442,000,000",298.44,"325,040,000"
227,298.33,24-Oct-17,311.96,282.66,"27,357,500,000",287.12,"684,281,000"
228,286.95,23-Oct-17,295.75,277.57,"28,111,400,000",295.1,"482,336,000"
229,295.45,22-Oct-17,305.5,292.81,"28,624,800,000",300.55,"327,387,000"
230,300.19,21-Oct-17,303.93,291.77,"28,906,600,000",303.57,"408,014,000"
231,304.01,20-Oct-17,311.44,303.49,"29,326,300,000",308.05,"396,673,000"
232,308.09,19-Oct-17,316.71,305.83,"29,937,900,000",314.54,"349,830,000"
233,314.32,18-Oct-17,317.24,290.64,"30,160,500,000",316.94,"606,114,000"
234,317.08,17-Oct-17,333.48,311.79,"31,727,700,000",333.48,"509,924,000"
235,333.38,16-Oct-17,349.35,332.04,"32,029,200,000",336.71,"692,885,000"
236,336.6,15-Oct-17,342.72,320.43,"32,292,100,000",339.53,"635,407,000"
237,339.63,14-Oct-17,347.98,334.7,"32,222,400,000",338.85,"516,562,000"
238,338.76,13-Oct-17,348.6,299.66,"28,911,100,000",304.08,"1,304,360,000"
239,304.14,12-Oct-17,309.15,303.29,"28,851,200,000",303.5,"527,557,000"
240,303.46,11-Oct-17,304.39,299.1,"28,626,300,000",301.18,"264,146,000"
241,299.87,10-Oct-17,306.15,293.17,"28,281,400,000",297.6,"359,706,000"
242,297.39,9-Oct-17,309.31,288.19,"29,328,300,000",308.67,"559,467,000"
243,308.61,8-Oct-17,312.54,308.03,"29,550,900,000",311.06,"293,167,000"
244,311.12,7-Oct-17,313.13,304.98,"29,340,400,000",308.89,"342,205,000"
245,308.59,6-Oct-17,308.84,294.95,"28,031,100,000",295.15,"318,664,000"
246,295.86,5-Oct-17,298.04,288.84,"27,800,400,000",292.77,"253,747,000"
247,292.66,4-Oct-17,299.39,290.89,"27,794,100,000",292.75,"257,906,000"
248,292.46,3-Oct-17,300.11,288.13,"28,238,500,000",297.48,"321,680,000"
249,297.48,2-Oct-17,302.92,294.58,"28,708,500,000",302.48,"339,443,000"
250,302.34,1-Oct-17,303.19,295.06,"28,615,200,000",301.55,"306,185,000"
251,301.46,30-Sep-17,303.96,291.11,"27,655,200,000",291.48,"332,439,000"
252,291.47,29-Sep-17,299.92,279.77,"28,375,900,000",299.12,"541,375,000"
253,299.15,28-Sep-17,307.2,295.47,"29,068,700,000",306.47,"501,894,000"
254,306.47,27-Sep-17,308.01,286.82,"27,219,400,000",287.02,"550,244,000"
255,287.44,26-Sep-17,293.75,287.02,"27,720,000,000",292.35,"345,801,000"
256,292.33,25-Sep-17,293.51,281.88,"26,755,500,000",282.22,"483,161,000"
257,282.48,24-Sep-17,292.95,278.13,"27,129,900,000",286.21,"571,411,000"
258,286.17,23-Sep-17,286.17,261.12,"25,077,100,000",264.6,"450,934,000"
259,264.31,22-Sep-17,270.54,256.22,"24,458,400,000",258.11,"430,081,000"
260,258.58,21-Sep-17,286.61,255.02,"26,836,000,000",283.26,"601,266,000"
261,283.74,20-Sep-17,290.89,278.05,"26,712,400,000",282.01,"421,404,000"
262,282.8,19-Sep-17,295.77,274.48,"27,809,300,000",293.66,"646,909,000"
263,293.5,18-Sep-17,293.5,252.23,"23,881,200,000",252.23,"1,127,750,000"
264,251.75,17-Sep-17,257,235.24,"23,272,500,000",245.85,"427,452,000"
265,246.52,16-Sep-17,262.59,238.22,"23,742,600,000",250.87,"711,737,000"
266,250.46,15-Sep-17,258.65,195.03,"20,364,900,000",215.22,"1,935,700,000"
267,213.91,14-Sep-17,280.84,213.91,"26,166,100,000",276.59,"1,184,590,000"
268,277.11,13-Sep-17,291.12,260.61,"27,535,700,000",291.12,"921,692,000"
269,291.46,12-Sep-17,311.19,287.23,"27,861,800,000",294.63,"753,144,000"
270,294.53,11-Sep-17,300.69,286.69,"27,394,400,000",289.75,"571,307,000"
271,288.75,10-Sep-17,294.76,268.97,"27,797,200,000",294.06,"698,326,000"
272,294.4,9-Sep-17,299.89,287.22,"27,990,500,000",296.17,"528,621,000"
273,296.5,8-Sep-17,329.64,285.16,"31,147,200,000",329.64,"1,098,780,000"
274,329.43,7-Sep-17,333.52,319.94,"31,507,500,000",333.52,"718,624,000"
275,334.34,6-Sep-17,334.66,313.49,"29,639,100,000",313.8,"1,058,830,000"
276,312.99,5-Sep-17,318.57,268.29,"28,100,000,000",297.57,"1,551,050,000"
277,295.17,4-Sep-17,347.13,279.94,"32,774,000,000",347.13,"1,801,690,000"
278,347.48,3-Sep-17,366.49,332.23,"33,059,800,000",350.23,"986,266,000"
279,348.98,2-Sep-17,389.35,328.1,"36,601,200,000",387.82,"1,483,600,000"
280,387.74,1-Sep-17,390.04,383.47,"36,182,900,000",383.47,"874,222,000"
281,383.04,31-Aug-17,386.14,376.35,"35,701,500,000",378.44,"706,254,000"
282,378.49,30-Aug-17,388.75,361.97,"34,848,400,000",369.47,"1,333,320,000"
283,370.67,29-Aug-17,373.76,347.79,"32,813,200,000",347.96,"1,220,030,000"
284,347.75,28-Aug-17,352.05,338.41,"33,002,700,000",350.04,"854,319,000"
285,347.89,27-Aug-17,347.89,334.36,"31,517,500,000",334.36,"633,370,000"
286,333.88,26-Aug-17,334.99,327.92,"31,288,300,000",331.99,"514,181,000"
287,331.92,25-Aug-17,336.4,325.8,"30,727,900,000",326.11,"760,329,000"
288,325.61,24-Aug-17,327.96,317.08,"29,904,600,000",317.45,"697,665,000"
289,317.52,23-Aug-17,324.21,314.54,"29,691,900,000",315.27,"811,990,000"
290,314.79,22-Aug-17,327.36,297.91,"30,229,900,000",321.06,"1,336,400,000"
291,321.59,21-Aug-17,347.05,297.23,"28,285,500,000",300.48,"2,448,970,000"
292,301.43,20-Aug-17,301.43,291.58,"27,918,100,000",296.64,"571,947,000"
293,297.47,19-Aug-17,301.67,286.18,"27,867,900,000",296.18,"860,202,000"
294,295.59,18-Aug-17,307.96,292.5,"28,380,200,000",301.7,"936,160,000"
295,301.46,17-Aug-17,311.03,300.25,"28,477,500,000",302.81,"909,494,000"
296,302.27,16-Aug-17,303.41,285.38,"27,249,700,000",289.82,"967,643,000"
297,289.82,15-Aug-17,300.41,279.33,"28,195,800,000",299.95,"1,051,800,000"
298,300.1,14-Aug-17,306.81,296.41,"28,008,700,000",298.03,"864,391,000"
299,298.06,13-Aug-17,310.82,289.31,"29,161,100,000",310.37,"1,369,370,000"
300,310.6,12-Aug-17,317.56,307.9,"28,998,700,000",308.71,"1,111,650,000"
301,308.86,11-Aug-17,309.21,294.5,"27,657,000,000",294.5,"953,576,000"
302,295.89,10-Aug-17,306.59,289.93,"27,882,200,000",296.96,"1,076,820,000"
303,296.03,9-Aug-17,318.72,276.69,"27,938,700,000",297.63,"2,638,580,000"
304,296.77,8-Aug-17,298.91,266.8,"25,254,600,000",269.1,"1,502,410,000"
305,269.18,7-Aug-17,271.96,256.69,"24,511,000,000",261.24,"935,727,000"
306,261.57,6-Aug-17,271.05,252.85,"24,053,500,000",256.42,"1,482,980,000"
307,256.51,5-Aug-17,256.51,221.95,"20,900,000,000",222.85,"1,333,000,000"
308,223.07,4-Aug-17,227.62,222.06,"21,125,600,000",225.31,"539,783,000"
309,225.34,3-Aug-17,228.29,219.89,"20,640,100,000",220.18,"557,217,000"
310,219.95,2-Aug-17,229.51,218.12,"21,275,200,000",227.01,"632,606,000"
311,226.77,1-Aug-17,227.74,204.69,"19,179,100,000",204.69,"1,585,330,000"
312,203.87,31-Jul-17,203.87,193.41,"18,492,000,000",197.41,"569,414,000"
313,197.98,30-Jul-17,208.54,196.15,"19,360,900,000",206.74,"596,234,000"
314,205.79,29-Jul-17,208.68,179.65,"18,101,800,000",193.34,"824,355,000"
315,193.12,28-Jul-17,204.9,192.3,"19,125,100,000",204.32,"562,571,000"
316,204.32,27-Jul-17,206.44,201.26,"19,169,800,000",204.86,"393,283,000"
317,203.95,26-Jul-17,210.77,194.78,"19,373,400,000",207.09,"717,692,000"
318,206.71,25-Jul-17,225.32,195.84,"20,985,200,000",224.37,"1,095,760,000"
319,224.71,24-Jul-17,227.54,222.45,"21,158,500,000",226.28,"431,691,000"
320,225.95,23-Jul-17,231.68,217.72,"21,418,300,000",229.12,"649,615,000"
321,229.48,22-Jul-17,232.7,216.87,"20,360,100,000",217.86,"618,260,000"
322,218.31,21-Jul-17,235.12,213.01,"21,121,100,000",226.06,"1,006,130,000"
323,227.26,20-Jul-17,233.9,203.22,"19,187,800,000",205.42,"2,225,000,000"
324,199.7,19-Jul-17,245.65,191.75,"21,939,300,000",234.94,"2,328,790,000"
325,234.39,18-Jul-17,267.99,182.06,"18,207,400,000",195.03,"2,709,260,000"
326,193.42,17-Jul-17,194.75,158.04,"14,932,700,000",159.99,"1,669,500,000"
327,157.36,16-Jul-17,172.01,133.72,"15,823,100,000",169.57,"1,516,890,000"
328,170.66,15-Jul-17,200.16,170.66,"18,630,200,000",199.71,"810,452,000"
329,199.66,14-Jul-17,211.1,187.37,"19,541,300,000",209.53,"749,382,000"
330,209.73,13-Jul-17,231.81,200.06,"21,613,900,000",231.81,"828,489,000"
331,230.77,12-Jul-17,230.77,189.59,"18,377,600,000",197.15,"1,241,190,000"
332,197.4,11-Jul-17,220.29,183.39,"19,712,300,000",211.53,"1,440,950,000"
333,215.36,10-Jul-17,243.07,196.97,"22,640,500,000",243.01,"937,219,000"
334,242.14,9-Jul-17,255.1,242.14,"23,454,700,000",251.82,"505,118,000"
335,251.7,8-Jul-17,273.48,236.55,"22,890,700,000",245.89,"754,958,000"
336,245.99,7-Jul-17,273.94,244.17,"25,160,800,000",270.35,"687,252,000"
337,270.55,6-Jul-17,278.48,265.51,"25,019,500,000",268.86,"623,080,000"
338,268.77,5-Jul-17,275.13,261.45,"25,406,900,000",273.1,"790,256,000"
339,273.3,4-Jul-17,287.39,273.11,"26,245,000,000",282.19,"687,691,000"
340,282.9,3-Jul-17,291.1,281.18,"26,815,900,000",288.41,"851,408,000"
341,287.99,2-Jul-17,295.51,262.52,"25,572,800,000",275.12,"1,123,330,000"
342,274.6,1-Jul-17,293.75,268.62,"27,259,400,000",293.35,"1,089,200,000"
343,294.92,30-Jun-17,315.17,288.44,"28,161,900,000",303.15,"1,011,800,000"
344,302.88,29-Jun-17,330.71,297.37,"30,495,300,000",328.37,"1,508,580,000"
345,327.93,28-Jun-17,333.1,276.41,"27,207,000,000",293.04,"2,056,550,000"
346,293.09,27-Jun-17,293.09,227.14,"25,309,700,000",272.69,"1,973,870,000"
347,272.69,26-Jun-17,311.46,238.65,"28,111,200,000",302.95,"2,081,810,000"
348,303.25,25-Jun-17,332.79,284.65,"30,005,900,000",323.47,"1,186,880,000"
349,323.7,24-Jun-17,343.62,322.09,"31,681,300,000",341.63,"673,585,000"
350,341.74,23-Jun-17,348.01,334.99,"31,195,900,000",336.49,"593,207,000"
351,336.37,22-Jun-17,342.03,330.62,"31,302,600,000",337.73,"925,767,000"
352,336.87,21-Jun-17,361.34,319.48,"33,310,500,000",359.54,"1,420,130,000"
353,359,20-Jun-17,377.97,350.94,"34,304,000,000",370.33,"1,020,390,000"
354,370.06,19-Jun-17,377.12,369.76,"34,435,700,000",371.86,"685,172,000"
355,371.46,18-Jun-17,390.58,368.84,"35,133,800,000",379.52,"904,703,000"
356,379.41,17-Jun-17,379.41,364,"34,231,300,000",369.88,"904,653,000"
357,370.23,16-Jun-17,373.06,341.42,"33,415,800,000",361.18,"1,096,280,000"
358,361.93,15-Jun-17,364.44,300.7,"33,158,200,000",358.51,"2,463,450,000"
359,359.05,14-Jun-17,399.32,342.21,"36,761,600,000",397.59,"1,272,580,000"
360,397.54,13-Jun-17,411.18,370.06,"36,574,500,000",395.69,"1,717,380,000"
361,401.49,12-Jun-17,414.76,341.16,"31,525,300,000",341.16,"2,882,650,000"
362,340.61,11-Jun-17,353.01,318.17,"31,296,800,000",338.79,"1,373,220,000"
363,337.67,10-Jun-17,350.26,282.01,"26,043,700,000",282.01,"1,611,630,000"
364,281.74,9-Jun-17,282.76,261.75,"24,165,000,000",261.75,"557,986,000"
365,261.67,8-Jun-17,262.25,253.97,"23,810,900,000",257.99,"385,494,000"
366,258.07,7-Jun-17,264.67,254.04,"24,382,200,000",264.26,"461,649,000"
367,264.47,6-Jun-17,267.51,246.84,"22,930,400,000",248.6,"741,553,000"
368,248.46,5-Jun-17,249.47,243.05,"22,615,800,000",245.26,"435,660,000"
369,245.33,4-Jun-17,250.41,223.98,"20,659,800,000",224.12,"753,820,000"
370,224.38,3-Jun-17,225.97,219.42,"20,593,500,000",223.46,"427,896,000"
371,223.78,2-Jun-17,229.41,219.58,"20,479,000,000",222.29,"469,532,000"
372,222.24,1-Jun-17,236.22,214.48,"21,264,800,000",230.89,"812,924,000"
373,230.67,31-May-17,236.97,215.57,"21,321,900,000",231.58,"1,271,600,000"
374,231.91,30-May-17,233.71,189.29,"18,004,700,000",195.61,"1,586,670,000"
375,194.91,29-May-17,197.13,164.53,"15,654,600,000",170.13,"718,828,000"
376,170.51,28-May-17,179.94,157.6,"14,608,600,000",158.82,"717,971,000"
377,157.76,27-May-17,166.95,120.44,"14,696,000,000",159.82,"1,217,060,000"
378,160.4,26-May-17,193.69,150.28,"16,107,000,000",175.22,"792,458,000"
379,174.45,25-May-17,210.98,170.51,"17,446,600,000",189.85,"943,637,000"
380,190.05,24-May-17,228.37,182.45,"16,779,700,000",182.65,"561,014,000"
381,181.95,23-May-17,183.55,169.93,"15,688,000,000",170.82,"530,709,000"
382,174.26,22-May-17,201.75,152.47,"14,522,100,000",158.17,"1,188,910,000"
383,157.94,21-May-17,159.03,125.89,"11,705,700,000",127.54,"570,361,000"
384,126.52,20-May-17,133.64,124.7,"11,856,600,000",129.22,"331,455,000"
385,129.53,19-May-17,133.56,97.05,"8,902,240,000",97.05,"626,945,000"
386,96.91,18-May-17,97.37,89.84,"8,238,110,000",89.84,"196,237,000"
387,89.86,17-May-17,91.27,84.43,"8,181,520,000",89.25,"183,031,000"
388,89.44,16-May-17,93.56,89.12,"8,466,470,000",92.39,"152,285,000"
389,92.41,15-May-17,95.43,86.83,"8,316,930,000",90.78,"170,999,000"
390,90.79,14-May-17,91.25,89.61,"8,322,380,000",90.87,"66,046,600"
391,90.84,13-May-17,93.81,86.66,"8,120,390,000",88.69,"88,742,200"
392,88.66,12-May-17,93.12,88.66,"8,184,930,000",89.43,"145,825,000"
393,89.88,11-May-17,102.55,88.48,"8,213,570,000",89.77,"132,722,000"
394,89.52,10-May-17,92.85,85.29,"8,337,180,000",91.15,"145,602,000"
395,91.16,9-May-17,93.06,80.39,"8,341,490,000",91.23,"363,434,000"
396,91.42,8-May-17,95.14,89.51,"8,569,060,000",93.75,"231,344,000"
397,94.01,7-May-17,98.24,89.87,"8,942,950,000",97.87,"183,295,000"
398,97.81,6-May-17,97.88,90.95,"8,669,910,000",94.91,"151,462,000"
399,94.4,5-May-17,103.23,92.22,"8,833,520,000",96.73,"331,928,000"
400,96.98,4-May-17,97.56,79.43,"7,277,480,000",79.72,"366,847,000"
401,79.72,3-May-17,80.1,75.76,"7,050,050,000",77.25,"141,922,000"
402,77.26,2-May-17,79.35,74.38,"6,992,980,000",76.65,"193,773,000"
403,76.3,1-May-17,82.52,73.09,"7,234,070,000",79.32,"376,842,000"
404,79.02,30-Apr-17,79.02,68.35,"6,248,840,000",68.54,"229,945,000"
405,68.38,29-Apr-17,71.9,66.78,"6,506,490,000",71.39,"165,448,000"
406,70.16,28-Apr-17,70.85,62.13,"5,669,550,000",62.23,"346,546,000"
407,62.17,27-Apr-17,62.17,52.29,"4,809,630,000",52.81,"246,775,000"
408,52.72,26-Apr-17,53.44,49.91,"4,544,370,000",49.91,"104,884,000"
409,49.89,25-Apr-17,50.3,49.81,"4,557,870,000",50.07,"38,264,600"
410,50.03,24-Apr-17,50.18,48.87,"4,446,470,000",48.87,"55,580,600"
411,48.49,23-Apr-17,48.89,48.17,"4,420,040,000",48.59,"36,234,000"
412,48.55,22-Apr-17,48.74,48.17,"4,381,290,000",48.18,"37,357,600"
413,48.22,21-Apr-17,49.66,48.14,"4,512,610,000",49.64,"45,048,300"
414,49.67,20-Apr-17,49.99,48.13,"4,373,800,000",48.13,"79,600,900"
415,48.31,19-Apr-17,50.95,47.26,"4,608,260,000",50.73,"76,281,000"
416,50.71,18-Apr-17,51.03,48.3,"4,387,860,000",48.32,"78,748,500"
417,48.3,17-Apr-17,48.75,48.05,"4,417,310,000",48.66,"44,013,300"
418,48.72,16-Apr-17,49.14,48.19,"4,450,140,000",49.04,"31,343,800"
419,49.1,15-Apr-17,49.57,47.18,"4,323,100,000",47.65,"66,207,800"
420,47.57,14-Apr-17,50.05,46.76,"4,531,810,000",49.97,"91,674,400"
421,50.22,13-Apr-17,50.91,46.31,"4,198,420,000",46.31,"157,200,000"
422,46.29,12-Apr-17,47.23,43.11,"3,938,930,000",43.46,"88,045,700"
423,43.41,11-Apr-17,44.25,43.3,"3,941,100,000",43.5,"38,303,300"
424,43.44,10-Apr-17,44.14,42.42,"3,919,520,000",43.28,"44,061,500"
425,43.27,9-Apr-17,44.49,42.89,"4,009,010,000",44.28,"55,143,000"
426,44.31,8-Apr-17,45.21,41.73,"3,783,000,000",41.8,"74,138,800"
427,42.16,7-Apr-17,44.04,41.65,"3,878,210,000",42.87,"81,474,700"
428,43.24,6-Apr-17,45.64,40.9,"4,089,930,000",45.22,"147,120,000"
429,45.3,5-Apr-17,47.84,44.54,"4,037,940,000",44.66,"119,733,000"
430,44.64,4-Apr-17,45.74,41.72,"3,969,730,000",43.92,"157,568,000"
431,44.36,3-Apr-17,48.82,43.41,"4,411,030,000",48.82,"190,513,000"
432,48.75,2-Apr-17,51.27,45.43,"4,582,700,000",50.74,"134,604,000"
433,50.7,1-Apr-17,51.93,48.88,"4,517,510,000",50.03,"92,461,900"
434,50.04,31-Mar-17,51.77,47.38,"4,671,190,000",51.75,"151,416,000"
435,52.21,30-Mar-17,53.31,51.87,"4,793,280,000",53.12,"86,885,700"
436,53.13,29-Mar-17,53.87,50.55,"4,561,150,000",50.57,"144,998,000"
437,50.77,28-Mar-17,50.96,49.15,"4,482,160,000",49.71,"97,745,300"
438,49.67,27-Mar-17,52.46,48.93,"4,624,990,000",51.31,"118,978,000"
439,50.52,26-Mar-17,51.8,49.28,"4,574,540,000",50.77,"106,859,000"
440,51.25,25-Mar-17,53.58,48.31,"4,825,700,000",53.58,"223,059,000"
441,53.11,24-Mar-17,54.14,43.21,"3,929,230,000",43.64,"297,046,000"
442,43.68,23-Mar-17,44.75,41.3,"3,831,310,000",42.57,"100,724,000"
443,42.34,22-Mar-17,43.52,39.69,"3,880,120,000",43.12,"113,952,000"
444,43.15,21-Mar-17,44.26,42.37,"3,913,620,000",43.51,"91,265,400"
445,43.39,20-Mar-17,46.23,42.44,"4,031,270,000",44.83,"154,701,000"
446,44.74,19-Mar-17,47,35.34,"3,193,600,000",35.53,"239,430,000"
447,34.16,18-Mar-17,46.87,31.7,"4,211,830,000",46.87,"262,180,000"
448,46.83,17-Mar-17,55.11,38.21,"4,125,480,000",45.93,"497,534,000"
449,46.35,16-Mar-17,47.17,35.36,"3,174,750,000",35.36,"454,418,000"
450,35.06,15-Mar-17,35.06,28.43,"2,571,160,000",28.65,"170,344,000"
451,28.65,14-Mar-17,29.93,27.32,"2,563,700,000",28.57,"101,797,000"
452,28.59,13-Mar-17,30.6,23.5,"2,108,300,000",23.5,"255,488,000"
453,23.44,12-Mar-17,23.44,21.38,"1,924,660,000",21.46,"74,628,900"
454,21.47,11-Mar-17,21.59,19.01,"1,736,630,000",19.37,"69,150,100"
455,19.33,10-Mar-17,19.66,17.68,"1,589,640,000",17.74,"87,506,800"
456,17.75,9-Mar-17,17.87,16.37,"1,490,500,000",16.64,"31,418,400"
457,16.65,8-Mar-17,18.88,16.65,"1,690,760,000",18.88,"44,304,600"
458,18.89,7-Mar-17,19.63,18.64,"1,752,530,000",19.58,"37,972,200"
459,19.61,6-Mar-17,20.1,19.11,"1,725,360,000",19.28,"32,432,700"
460,19.3,5-Mar-17,19.42,18.23,"1,655,030,000",18.5,"26,816,300"
461,18.62,4-Mar-17,20.05,18.62,"1,745,140,000",19.52,"27,341,900"
462,19.46,3-Mar-17,20.67,18.41,"1,702,140,000",19.04,"95,863,400"
463,19.03,2-Mar-17,19.35,16.95,"1,550,750,000",17.36,"83,627,100"
464,17.35,1-Mar-17,17.37,15.56,"1,415,510,000",15.85,"44,927,500"
465,15.82,28-Feb-17,16.06,15.12,"1,379,600,000",15.45,"65,478,900"
466,15.4,27-Feb-17,15.68,14.27,"1,294,770,000",14.51,"31,667,000"
467,14.52,26-Feb-17,14.54,13.4,"1,206,150,000",13.52,"20,307,500"
468,13.55,25-Feb-17,13.72,12.98,"1,165,230,000",13.06,"18,533,900"
469,13.07,24-Feb-17,13.23,12.88,"1,171,110,000",13.13,"19,574,400"
470,13.12,23-Feb-17,13.21,12.56,"1,122,910,000",12.6,"14,522,300"
471,12.6,22-Feb-17,12.76,12.55,"1,130,460,000",12.69,"10,360,900"
472,12.67,21-Feb-17,12.77,12.21,"1,099,330,000",12.34,"15,183,300"
473,12.43,20-Feb-17,12.9,12.43,"1,136,610,000",12.77,"12,994,400"
474,12.76,19-Feb-17,12.87,12.71,"1,140,870,000",12.82,"7,799,740"
475,12.81,18-Feb-17,12.83,12.68,"1,130,750,000",12.71,"9,370,010"
476,12.68,17-Feb-17,12.91,12.66,"1,147,260,000",12.9,"11,636,500"
477,12.9,16-Feb-17,12.92,12.54,"1,148,860,000",12.92,"38,002,600"
478,12.92,15-Feb-17,13.04,12.64,"1,159,000,000",13.04,"18,464,700"
479,13.03,14-Feb-17,13.33,11.29,"1,002,810,000",11.29,"42,911,500"
480,11.27,13-Feb-17,11.39,11.17,"1,011,080,000",11.38,"7,216,520"
481,11.4,12-Feb-17,11.4,11.3,"1,008,030,000",11.35,"6,264,900"
482,11.35,11-Feb-17,11.43,11.24,"1,002,130,000",11.29,"7,544,520"
483,11.28,10-Feb-17,11.34,10.78,"979,961,000",11.04,"11,914,200"
484,11.03,9-Feb-17,11.6,10.67,"1,014,280,000",11.44,"18,400,300"
485,11.43,8-Feb-17,11.63,11.24,"1,023,170,000",11.54,"9,688,630"
486,11.52,7-Feb-17,11.61,11.41,"1,012,620,000",11.43,"7,629,640"
487,11.39,6-Feb-17,11.48,11.34,"1,005,930,000",11.35,"5,695,440"
488,11.35,5-Feb-17,11.49,11.32,"1,013,400,000",11.44,"5,942,960"
489,11.43,4-Feb-17,11.5,11.13,"985,277,000",11.13,"14,139,500"
490,11.11,3-Feb-17,11.11,10.76,"956,944,000",10.81,"12,897,800"
491,10.82,2-Feb-17,10.89,10.55,"949,793,000",10.74,"10,172,500"
492,10.73,1-Feb-17,10.85,10.56,"949,969,000",10.74,"12,852,200"
493,10.73,31-Jan-17,10.75,10.54,"933,975,000",10.56,"11,648,700"
494,10.57,30-Jan-17,10.71,10.47,"927,415,000",10.49,"8,042,180"
495,10.48,29-Jan-17,10.57,10.45,"933,087,000",10.56,"4,689,950"
496,10.56,28-Jan-17,10.58,10.43,"930,688,000",10.54,"6,580,700"
497,10.54,27-Jan-17,10.61,10.44,"934,404,000",10.58,"7,189,170"
498,10.59,26-Jan-17,10.67,10.51,"932,575,000",10.57,"8,465,020"
499,10.57,25-Jan-17,10.62,10.48,"936,769,000",10.62,"6,751,450"
500,10.63,24-Jan-17,10.77,10.57,"946,083,000",10.73,"8,327,330"
501,10.82,23-Jan-17,10.84,10.67,"944,159,000",10.71,"7,267,210"
502,10.7,22-Jan-17,10.97,10.58,"961,463,000",10.91,"8,678,620"
503,10.91,21-Jan-17,10.98,10.58,"933,405,000",10.6,"11,937,600"
504,10.6,20-Jan-17,10.76,10.35,"914,696,000",10.39,"10,992,800"
505,10.4,19-Jan-17,10.44,10.18,"901,484,000",10.24,"8,347,550"
506,10.23,18-Jan-17,10.52,9.94,"906,079,000",10.3,"10,788,200"
507,10.3,17-Jan-17,10.61,9.54,"847,981,000",9.64,"18,391,900"
508,9.64,16-Jan-17,9.93,9.58,"869,126,000",9.88,"14,937,400"
509,9.9,15-Jan-17,10,9.6,"864,037,000",9.83,"14,837,900"
510,9.65,14-Jan-17,9.89,9.44,"859,971,000",9.79,"20,085,800"
511,9.77,13-Jan-17,9.85,9.51,"863,241,000",9.83,"25,066,600"
512,9.86,12-Jan-17,10.08,9.18,"853,638,000",9.72,"30,453,800"
513,9.72,11-Jan-17,10.66,9.46,"925,320,000",10.54,"26,823,500"
514,10.55,10-Jan-17,10.69,10.29,"909,897,000",10.37,"10,879,700"
515,10.33,9-Jan-17,10.78,10.14,"904,682,000",10.31,"25,718,300"
516,10.29,8-Jan-17,10.39,9.83,"865,667,000",9.87,"16,676,600"
517,9.87,7-Jan-17,10.28,9.59,"897,636,000",10.24,"23,153,600"
518,10.25,6-Jan-17,10.63,9.63,"901,249,000",10.29,"29,471,800"
519,10.25,5-Jan-17,11.89,9.4,"988,599,000",11.29,"41,557,400"
520,11.25,4-Jan-17,11.28,9.56,"850,115,000",9.71,"41,051,200"
521,9.73,3-Jan-17,10,8.32,"732,988,000",8.37,"33,625,200"
522,8.38,2-Jan-17,8.44,8.05,"714,900,000",8.17,"14,579,600"
523,8.17,1-Jan-17,8.47,7.98,"698,149,000",7.98,"14,731,700"
524,7.97,31-Dec-16,8.16,7.91,"712,662,000",8.15,"9,066,800"
525,8.16,30-Dec-16,8.47,8.05,"724,528,000",8.29,"13,909,900"
526,8.28,29-Dec-16,8.53,7.54,"658,674,000",7.54,"27,543,800"
527,7.52,28-Dec-16,7.62,7.08,"624,359,000",7.15,"17,453,300"
528,7.17,27-Dec-16,7.32,7.09,"635,260,000",7.28,"8,778,610"
529,7.27,26-Dec-16,7.33,7.05,"622,439,000",7.13,"5,836,810"
530,7.18,25-Dec-16,7.34,7.14,"633,792,000",7.26,"8,671,840"
531,7.27,24-Dec-16,7.41,7.15,"623,759,000",7.15,"7,626,020"
532,7.17,23-Dec-16,7.69,7.16,"660,546,000",7.58,"19,613,100"
533,7.58,22-Dec-16,7.91,7.5,"688,380,000",7.9,"16,376,700"
534,7.91,21-Dec-16,7.94,7.66,"667,625,000",7.66,"9,393,550"
535,7.66,20-Dec-16,7.75,7.57,"664,772,000",7.63,"6,313,550"
536,7.64,19-Dec-16,7.87,7.63,"685,054,000",7.87,"5,894,760"
537,7.87,18-Dec-16,7.93,7.72,"684,028,000",7.86,"5,890,020"
538,7.88,17-Dec-16,7.9,7.52,"683,357,000",7.86,"8,502,620"
539,7.86,16-Dec-16,7.93,7.8,"683,399,000",7.86,"5,178,610"
540,7.83,15-Dec-16,8.24,7.72,"715,861,000",8.24,"13,184,400"
541,8.27,14-Dec-16,8.52,8.25,"734,382,000",8.45,"7,337,220"
542,8.42,13-Dec-16,8.53,8.35,"740,099,000",8.52,"4,486,190"
543,8.52,12-Dec-16,8.61,8.17,"711,348,000",8.19,"9,119,700"
544,8.19,11-Dec-16,8.27,8.1,"705,363,000",8.13,"5,545,500"
545,8.13,10-Dec-16,8.53,8.02,"732,173,000",8.44,"8,108,370"
546,8.45,9-Dec-16,8.67,8.05,"708,468,000",8.17,"12,916,300"
547,8.23,8-Dec-16,8.86,8.23,"726,878,000",8.38,"16,042,700"
548,8.38,7-Dec-16,8.54,7.33,"684,258,000",7.89,"22,229,600"
549,7.87,6-Dec-16,7.92,5.98,"589,548,000",6.8,"50,671,200"
550,6.82,5-Dec-16,7.64,6.66,"641,820,000",7.41,"17,344,500"
551,7.44,4-Dec-16,7.95,7.44,"684,258,000",7.9,"8,450,790"
552,7.92,3-Dec-16,8.15,7.67,"672,138,000",7.77,"12,112,100"
553,7.76,2-Dec-16,8.46,7.42,"731,520,000",8.46,"18,579,800"
554,8.45,1-Dec-16,8.65,8.36,"743,882,000",8.6,"5,882,340"
555,8.59,30-Nov-16,8.75,8.16,"705,040,000",8.16,"10,626,600"
556,8.17,29-Nov-16,8.74,7.88,"754,307,000",8.73,"17,000,400"
557,8.72,28-Nov-16,9.01,8.72,"777,311,000",9,"6,046,890"
558,9,27-Nov-16,9.33,8.78,"804,085,000",9.31,"8,707,660"
559,9.33,26-Nov-16,9.5,9.31,"812,795,000",9.42,"3,505,990"
560,9.4,25-Nov-16,9.75,9.21,"796,268,000",9.23,"7,669,720"
561,9.23,24-Nov-16,9.85,8.93,"849,229,000",9.85,"15,987,800"
562,9.84,23-Nov-16,9.96,9.76,"855,265,000",9.92,"4,812,310"
563,9.91,22-Nov-16,10.24,9.59,"829,616,000",9.63,"11,284,400"
564,9.62,21-Nov-16,9.64,9.54,"825,381,000",9.58,"3,663,210"
565,9.58,20-Nov-16,9.71,9.52,"832,050,000",9.66,"5,173,420"
566,9.66,19-Nov-16,9.75,9.48,"816,380,000",9.48,"5,186,540"
567,9.48,18-Nov-16,10.01,9.48,"859,571,000",9.99,"10,816,100"
568,9.99,17-Nov-16,10.19,9.92,"865,393,000",10.06,"6,984,700"
569,10.06,16-Nov-16,10.33,9.93,"878,610,000",10.22,"9,533,550"
570,10.22,15-Nov-16,10.32,9.85,"857,223,000",9.97,"6,557,550"
571,9.97,14-Nov-16,10.16,9.96,"867,755,000",10.1,"3,573,250"
572,10.1,13-Nov-16,10.41,9.84,"849,342,000",9.89,"8,227,770"
573,9.88,12-Nov-16,10.34,9.7,"883,780,000",10.29,"10,052,500"
574,10.29,11-Nov-16,10.57,10.26,"902,479,000",10.51,"6,056,300"
575,10.52,10-Nov-16,10.68,10.51,"915,940,000",10.67,"4,253,980"
576,10.66,9-Nov-16,10.83,10.22,"928,063,000",10.82,"14,606,600"
577,10.83,8-Nov-16,10.92,10.74,"930,345,000",10.85,"6,258,150"
578,10.81,7-Nov-16,10.96,10.78,"934,536,000",10.9,"5,992,480"
579,10.87,6-Nov-16,11.25,10.85,"941,729,000",10.99,"5,688,710"
580,11,5-Nov-16,11.24,10.88,"950,213,000",11.09,"5,502,670"
581,11.09,4-Nov-16,11.12,10.82,"926,129,000",10.82,"9,958,040"
582,10.8,3-Nov-16,11.11,10.76,"924,097,000",10.8,"15,228,600"
583,10.75,2-Nov-16,11.16,10.69,"921,691,000",10.77,"11,691,700"
584,10.77,1-Nov-16,11.18,10.3,"937,123,000",10.96,"22,901,300"
585,11,31-Oct-16,11.5,10.94,"960,008,000",11.23,"13,393,900"
586,11.18,30-Oct-16,11.45,10.29,"891,164,000",10.43,"16,694,900"
587,10.44,29-Oct-16,11.2,9.56,"948,271,000",11.1,"27,070,400"
588,11.09,28-Oct-16,11.58,10.95,"979,916,000",11.47,"13,971,500"
589,11.5,27-Oct-16,11.61,11.26,"984,361,000",11.53,"13,255,400"
590,11.53,26-Oct-16,11.66,11.38,"971,440,000",11.38,"10,221,800"
591,11.41,25-Oct-16,11.99,11.15,"1,020,850,000",11.97,"19,316,000"
592,11.97,24-Oct-16,12.1,11.91,"1,026,400,000",12.04,"5,739,690"
593,12.04,23-Oct-16,12.14,11.94,"1,033,970,000",12.13,"5,774,660"
594,12.07,22-Oct-16,12.19,11.95,"1,037,850,000",12.18,"7,583,820"
595,12.18,21-Oct-16,12.21,12.02,"1,033,140,000",12.13,"5,676,920"
596,12.1,20-Oct-16,12.29,12,"1,025,620,000",12.05,"8,170,760"
597,12.02,19-Oct-16,12.62,11.91,"1,071,710,000",12.59,"10,576,200"
598,12.59,18-Oct-16,12.93,12,"1,020,530,000",12,"18,864,200"
599,12.01,17-Oct-16,12.03,11.86,"1,016,710,000",11.96,"5,724,440"
600,11.95,16-Oct-16,12.01,11.93,"1,018,540,000",11.98,"3,617,280"
601,11.98,15-Oct-16,12,11.78,"1,014,280,000",11.94,"4,991,840"
602,11.94,14-Oct-16,12.07,11.9,"1,018,390,000",11.99,"4,333,510"
603,11.96,13-Oct-16,12.13,11.78,"1,011,190,000",11.91,"8,665,190"
604,11.93,12-Oct-16,12.07,11.71,"1,000,220,000",11.78,"9,694,640"
605,11.79,11-Oct-16,12.16,11.75,"997,949,000",11.76,"11,727,700"
606,11.76,10-Oct-16,12.06,11.62,"1,022,860,000",12.06,"10,809,200"
607,12.05,9-Oct-16,12.36,11.98,"1,035,590,000",12.22,"7,208,480"
608,12.22,8-Oct-16,12.69,12.05,"1,073,990,000",12.67,"11,611,200"
609,12.67,7-Oct-16,12.99,12.53,"1,088,570,000",12.85,"8,933,050"
610,12.85,6-Oct-16,13.14,12.69,"1,102,940,000",13.03,"12,044,800"
611,13.04,5-Oct-16,13.35,13.04,"1,124,270,000",13.28,"9,881,370"
612,13.28,4-Oct-16,13.53,13.21,"1,137,980,000",13.45,"8,348,280"
613,13.45,3-Oct-16,13.49,13.19,"1,116,600,000",13.2,"7,458,320"
614,13.2,2-Oct-16,13.3,13.14,"1,114,200,000",13.18,"4,079,660"
615,13.17,1-Oct-16,13.31,13.05,"1,115,690,000",13.2,"6,331,160"
616,13.22,30-Sep-16,13.34,13.02,"1,104,530,000",13.08,"5,950,840"
617,13.07,29-Sep-16,13.34,13.07,"1,121,060,000",13.28,"5,990,630"
618,13.27,28-Sep-16,13.48,13.08,"1,106,330,000",13.11,"10,239,000"
619,13.1,27-Sep-16,13.21,12.86,"1,085,330,000",12.86,"6,831,070"
620,12.82,26-Sep-16,13.17,12.74,"1,110,700,000",13.17,"7,213,070"
621,13.1,25-Sep-16,13.11,12.8,"1,083,510,000",12.85,"5,283,440"
622,12.88,24-Sep-16,13.34,12.68,"1,122,670,000",13.32,"9,824,880"
623,13.33,23-Sep-16,13.45,13.1,"1,112,590,000",13.21,"9,166,430"
624,13.25,22-Sep-16,13.66,12.48,"1,150,650,000",13.66,"27,382,800"
625,13.77,21-Sep-16,14.43,13.17,"1,214,950,000",14.43,"28,645,000"
626,14.43,20-Sep-16,14.43,13.12,"1,111,810,000",13.21,"31,929,100"
627,13.19,19-Sep-16,13.19,12.42,"1,045,870,000",12.44,"13,838,800"
628,12.43,18-Sep-16,12.99,12.16,"1,066,620,000",12.69,"22,433,300"
629,12.7,17-Sep-16,12.76,12.44,"1,055,440,000",12.56,"7,446,610"
630,12.56,16-Sep-16,12.75,11.9,"1,004,740,000",11.96,"17,421,500"
631,11.94,15-Sep-16,12.14,11.92,"1,002,970,000",11.94,"7,309,090"
632,11.92,14-Sep-16,12,11.86,"999,352,000",11.9,"5,694,820"
633,11.92,13-Sep-16,12.09,11.88,"997,638,000",11.89,"11,704,300"
634,11.89,12-Sep-16,11.95,11.61,"976,645,000",11.64,"7,478,080"
635,11.64,11-Sep-16,12.21,11.59,"1,023,640,000",12.21,"8,791,180"
636,12.17,10-Sep-16,12.22,11.54,"977,515,000",11.66,"7,220,300"
637,11.65,9-Sep-16,11.68,11.39,"956,210,000",11.41,"6,109,200"
638,11.35,8-Sep-16,11.7,11.25,"967,010,000",11.55,"11,535,000"
639,11.55,7-Sep-16,11.73,11.52,"979,087,000",11.69,"6,115,050"
640,11.69,6-Sep-16,11.73,11.47,"981,303,000",11.73,"6,346,330"
641,11.72,5-Sep-16,11.81,11.59,"977,169,000",11.68,"5,724,100"
642,11.68,4-Sep-16,11.79,11.47,"982,952,000",11.75,"7,220,550"
643,11.76,3-Sep-16,12.36,11.35,"1,012,580,000",12.11,"13,358,800"
644,12.11,2-Sep-16,12.31,11.88,"999,757,000",11.96,"9,368,300"
645,11.99,1-Sep-16,12.58,11.65,"974,844,000",11.67,"24,051,500"
646,11.67,31-Aug-16,11.68,11.18,"938,406,000",11.24,"11,073,700"
647,11.23,30-Aug-16,11.3,10.96,"917,474,000",10.99,"7,221,260"
648,10.98,29-Aug-16,11.15,10.79,"910,698,000",10.92,"8,130,540"
649,10.93,28-Aug-16,11.15,10.92,"929,690,000",11.15,"5,303,040"
650,11.15,27-Aug-16,11.29,11.14,"941,585,000",11.29,"15,108,400"
651,11.3,26-Aug-16,11.45,11.21,"946,092,000",11.35,"5,857,850"
652,11.36,25-Aug-16,11.39,11.02,"918,977,000",11.03,"8,552,380"
653,11.04,24-Aug-16,11.15,11.01,"918,039,000",11.02,"4,423,420"
654,11.03,23-Aug-16,11.23,10.9,"927,065,000",11.14,"6,489,380"
655,11.12,22-Aug-16,11.34,11.07,"930,708,000",11.19,"6,588,920"
656,11.18,21-Aug-16,11.25,10.99,"936,015,000",11.25,"4,355,660"
657,11.25,20-Aug-16,11.3,10.75,"893,814,000",10.75,"7,443,540"
658,10.75,19-Aug-16,10.8,10.73,"893,156,000",10.75,"5,390,850"
659,10.76,18-Aug-16,11.01,10.74,"892,903,000",10.75,"6,935,800"
660,10.75,17-Aug-16,11.15,10.75,"924,591,000",11.13,"8,833,760"
661,11.14,16-Aug-16,11.24,11,"932,162,000",11.23,"7,051,510"
662,11.22,15-Aug-16,11.31,11,"929,558,000",11.2,"7,500,840"
663,11.19,14-Aug-16,11.69,11.1,"960,855,000",11.58,"8,680,160"
664,11.57,13-Aug-16,11.79,11.51,"975,999,000",11.77,"7,539,490"
665,11.78,12-Aug-16,12.04,11.64,"968,865,000",11.69,"13,690,100"
666,11.69,11-Aug-16,12.27,11.63,"1,005,720,000",12.14,"17,505,000"
667,12.14,10-Aug-16,12.46,11.98,"1,012,910,000",12.23,"28,096,300"
668,12.24,9-Aug-16,12.45,11.2,"933,431,000",11.27,"36,656,600"
669,11.25,8-Aug-16,11.33,10.86,"903,184,000",10.91,"14,956,700"
670,10.91,7-Aug-16,11.09,10.78,"898,340,000",10.86,"16,551,000"
671,10.88,6-Aug-16,10.94,10.29,"902,752,000",10.92,"16,712,600"
672,10.93,5-Aug-16,11.18,10.76,"910,856,000",11.02,"15,487,900"
673,11.04,4-Aug-16,11.29,10.16,"851,992,000",10.31,"38,151,400"
674,10.29,3-Aug-16,10.42,8.88,"733,204,000",8.88,"53,979,400"
675,8.79,2-Aug-16,11.14,8.2,"903,978,000",10.95,"88,803,300"
676,10.94,1-Aug-16,12.01,10.94,"981,735,000",11.89,"23,999,500"
677,11.88,31-Jul-16,12.51,11.55,"1,026,310,000",12.44,"25,441,400"
678,12.46,30-Jul-16,12.8,12.46,"1,055,410,000",12.8,"9,047,810"
679,12.79,29-Jul-16,12.87,12.55,"1,058,220,000",12.84,"14,082,300"
680,12.84,28-Jul-16,12.99,12.49,"1,069,560,000",12.98,"24,603,900"
681,12.97,27-Jul-16,13.31,11.84,"992,645,000",12.05,"58,278,800"
682,11.99,26-Jul-16,13.85,11.73,"1,137,660,000",13.82,"94,428,800"
683,13.84,25-Jul-16,13.86,12.68,"1,048,920,000",12.74,"36,673,800"
684,12.75,24-Jul-16,14.44,12.32,"1,176,250,000",14.3,"77,750,800"
685,14.3,23-Jul-16,14.9,14.05,"1,206,190,000",14.67,"32,489,700"
686,14.66,22-Jul-16,14.81,12.54,"1,040,640,000",12.66,"74,779,500"
687,12.65,21-Jul-16,12.71,11.99,"1,024,000,000",12.46,"24,636,900"
688,12.45,20-Jul-16,12.99,11.57,"952,143,000",11.59,"60,226,100"
689,11.62,19-Jul-16,12.01,11.01,"907,135,000",11.05,"21,730,000"
690,11.03,18-Jul-16,11.61,10.95,"917,151,000",11.17,"15,931,900"
691,11.16,17-Jul-16,11.67,11.01,"953,762,000",11.62,"17,921,600"
692,11.65,16-Jul-16,11.94,11.59,"977,658,000",11.92,"10,445,700"
693,11.95,15-Jul-16,12.43,11.49,"942,817,000",11.5,"26,838,900"
694,11.51,14-Jul-16,11.68,10.6,"868,509,000",10.6,"23,621,900"
695,10.5,13-Jul-16,10.59,10.4,"860,770,000",10.51,"6,715,660"
696,10.52,12-Jul-16,10.76,10.43,"855,555,000",10.45,"11,127,700"
697,10.46,11-Jul-16,11.01,10.26,"895,670,000",10.94,"13,098,000"
698,10.95,10-Jul-16,11.01,10.78,"896,899,000",10.96,"5,479,240"
699,10.97,9-Jul-16,11.46,10.73,"933,946,000",11.42,"17,254,800"
700,11.39,8-Jul-16,11.52,9.96,"827,090,000",10.12,"20,039,800"
701,10.11,7-Jul-16,10.57,9.8,"861,144,000",10.54,"15,407,200"
702,10.53,6-Jul-16,11.11,10.28,"864,063,000",10.58,"18,137,300"
703,10.61,5-Jul-16,11.52,9.58,"935,730,000",11.46,"45,526,900"
704,11.47,4-Jul-16,11.88,11.39,"954,849,000",11.7,"12,943,500"
705,11.72,3-Jul-16,12.15,11.59,"989,132,000",12.12,"10,588,700"
706,12.13,2-Jul-16,12.22,11.95,"996,510,000",12.22,"8,987,070"
707,12.2,1-Jul-16,12.49,11.73,"1,014,220,000",12.44,"17,236,500"
708,12.46,30-Jun-16,12.74,12.25,"1,027,260,000",12.6,"15,801,300"
709,12.61,29-Jun-16,13.04,11.69,"991,926,000",12.17,"26,982,800"
710,12.18,28-Jun-16,13.98,11.72,"1,134,340,000",13.93,"43,436,600"
711,13.88,27-Jun-16,14.12,13.75,"1,124,170,000",13.81,"10,994,700"
712,13.85,26-Jun-16,14.37,13.66,"1,160,590,000",14.26,"14,747,600"
713,14.28,25-Jun-16,14.58,14.02,"1,163,530,000",14.3,"15,383,100"
714,14.33,24-Jun-16,14.57,13.22,"1,112,590,000",13.68,"33,332,900"
715,13.68,23-Jun-16,13.79,12.56,"1,074,240,000",13.22,"30,806,400"
716,13.1,22-Jun-16,15.79,13.1,"1,072,510,000",13.2,"96,994,100"
717,13.31,21-Jun-16,13.42,11.29,"960,014,000",11.82,"69,245,600"
718,11.84,20-Jun-16,12.45,10.52,"993,503,000",12.24,"58,143,600"
719,12.23,19-Jun-16,13.18,10.64,"906,292,000",11.17,"69,783,600"
720,11.33,18-Jun-16,15.38,9.96,"1,247,530,000",15.38,"133,937,000"
721,15.38,17-Jun-16,21.52,13.57,"1,674,540,000",20.65,"199,408,000"
722,20.59,16-Jun-16,20.83,18.36,"1,488,420,000",18.36,"38,531,000"
723,18.35,15-Jun-16,18.91,17.71,"1,531,790,000",18.91,"19,393,400"
724,18.89,14-Jun-16,19.27,17.3,"1,426,500,000",17.61,"64,412,200"
725,17.6,13-Jun-16,17.64,15.72,"1,276,930,000",15.77,"38,023,400"
726,15.74,12-Jun-16,15.9,14.19,"1,148,070,000",14.19,"38,210,300"
727,14.19,11-Jun-16,14.19,13.72,"1,125,180,000",13.91,"12,176,500"
728,13.91,10-Jun-16,14.43,13.82,"1,162,500,000",14.38,"11,312,900"
729,14.4,9-Jun-16,14.57,14.34,"1,166,450,000",14.43,"8,256,830"
730,14.42,8-Jun-16,14.78,14.28,"1,172,230,000",14.51,"16,941,800"
731,14.51,7-Jun-16,14.51,13.81,"1,126,330,000",13.95,"21,421,600"
732,13.93,6-Jun-16,14.06,13.73,"1,130,350,000",14,"8,720,400"
733,13.97,5-Jun-16,14.07,13.57,"1,110,690,000",13.76,"11,088,400"
734,13.74,4-Jun-16,13.95,13.42,"1,118,460,000",13.86,"15,792,400"
735,13.85,3-Jun-16,13.87,13.25,"1,108,220,000",13.74,"22,981,500"
736,13.74,2-Jun-16,14.05,13.63,"1,127,830,000",13.99,"10,477,200"
737,14,1-Jun-16,14.32,13.44,"1,136,900,000",14.11,"22,471,300"
738,14.08,31-May-16,14.27,12.64,"1,026,410,000",12.74,"42,433,400"
739,12.73,30-May-16,12.88,12.27,"992,329,000",12.33,"14,733,800"
740,12.35,29-May-16,12.69,11.78,"974,784,000",12.11,"28,598,400"
741,11.89,28-May-16,12.36,10.37,"911,724,000",11.33,"47,274,800"
742,11.3,27-May-16,12.39,10.5,"996,293,000",12.39,"57,496,400"
743,12.43,26-May-16,12.99,12.06,"1,006,080,000",12.52,"20,764,000"
744,12.53,25-May-16,12.9,11.77,"1,027,940,000",12.79,"27,444,700"
745,12.73,24-May-16,13.77,12.01,"1,068,670,000",13.31,"41,560,600"
746,13.46,23-May-16,14.49,13.19,"1,146,470,000",14.28,"23,842,800"
747,14.29,22-May-16,14.35,13.77,"1,126,810,000",14.04,"17,938,900"
748,14.02,21-May-16,14.05,13.12,"1,098,220,000",13.69,"24,648,400"
749,13.64,20-May-16,15.05,13.38,"1,191,080,000",14.85,"50,544,100"
750,14.77,19-May-16,14.87,13.34,"1,085,570,000",13.54,"53,757,500"
751,13.56,18-May-16,14.26,12.18,"975,878,000",12.18,"65,389,900"
752,12.2,17-May-16,12.49,11.15,"896,505,000",11.19,"37,198,700"
753,11.17,16-May-16,11.44,9.97,"798,116,000",9.97,"29,079,900"
754,9.96,15-May-16,10.44,9.93,"819,399,000",10.24,"9,218,400"
755,10.24,14-May-16,10.62,9.81,"840,395,000",10.51,"18,808,000"
756,10.51,13-May-16,11.05,10.02,"804,647,000",10.06,"31,276,900"
757,10.06,12-May-16,10.51,9.86,"798,952,000",10,"24,137,700"
758,10,11-May-16,10.01,9.39,"753,600,000",9.43,"15,267,500"
759,9.36,10-May-16,9.48,9.26,"741,417,000",9.28,"9,321,790"
760,9.3,9-May-16,9.64,9.2,"758,000,000",9.49,"13,085,300"
761,9.48,8-May-16,9.6,8.93,"748,030,000",9.37,"15,031,000"
762,9.37,7-May-16,9.48,9.21,"743,166,000",9.32,"10,806,500"
763,9.35,6-May-16,9.95,9.04,"782,261,000",9.81,"21,510,600"
764,9.83,5-May-16,10.05,9.29,"749,038,000",9.4,"18,296,200"
765,9.41,4-May-16,10.03,9.27,"747,638,000",9.38,"17,622,400"
766,9.31,3-May-16,10.17,9.28,"809,644,000",10.17,"21,463,900"
767,10.16,2-May-16,10.32,8.85,"708,137,000",8.89,"41,019,200"
768,8.85,1-May-16,9.01,8.43,"698,377,000",8.78,"16,713,800"
769,8.81,30-Apr-16,9.37,7.45,"592,992,000",7.45,"36,573,300"
770,7.46,29-Apr-16,7.73,7.17,"573,124,000",7.21,"8,762,080"
771,7.17,28-Apr-16,7.91,7.17,"615,316,000",7.74,"11,576,000"
772,7.76,27-Apr-16,7.97,7.32,"587,076,000",7.39,"19,254,500"
773,7.4,26-Apr-16,7.55,7.06,"597,819,000",7.53,"17,667,300"
774,7.55,25-Apr-16,8.09,7.24,"635,784,000",8.01,"18,239,900"
775,8,24-Apr-16,8.47,7.96,"658,203,000",8.29,"10,786,400"
776,8.29,23-Apr-16,8.55,7.74,"618,147,000",7.79,"14,565,200"
777,7.82,22-Apr-16,8.27,7.67,"646,298,000",8.15,"13,309,300"
778,8.1,21-Apr-16,8.72,7.96,"670,104,000",8.45,"13,355,400"
779,8.47,20-Apr-16,8.83,8.31,"688,434,000",8.69,"15,634,700"
780,8.71,19-Apr-16,9.31,8.6,"718,825,000",9.08,"12,899,100"
781,9.04,18-Apr-16,9.51,8.5,"738,916,000",9.33,"21,084,100"
782,9.31,17-Apr-16,9.7,8.56,"682,467,000",8.62,"24,619,600"
783,8.61,16-Apr-16,8.65,8.11,"651,554,000",8.24,"9,888,460"
784,8.24,15-Apr-16,8.62,8.1,"663,169,000",8.39,"12,179,000"
785,8.39,14-Apr-16,8.76,8.02,"638,330,000",8.08,"13,590,700"
786,8.04,13-Apr-16,8.72,7.07,"587,994,000",7.44,"31,403,300"
787,7.44,12-Apr-16,8.64,7.15,"682,395,000",8.64,"23,190,100"
788,8.64,11-Apr-16,8.95,8,"706,074,000",8.94,"15,138,100"
789,8.94,10-Apr-16,9.22,7.46,"722,133,000",9.15,"42,613,400"
790,9.15,9-Apr-16,10.09,9.07,"764,797,000",9.69,"16,194,800"
791,9.72,8-Apr-16,10.39,9.66,"794,705,000",10.08,"14,660,600"
792,10.07,7-Apr-16,10.81,9.95,"843,091,000",10.7,"13,464,500"
793,10.69,6-Apr-16,10.97,10.28,"823,420,000",10.45,"16,997,100"
794,10.44,5-Apr-16,11.21,10.13,"883,170,000",11.21,"20,557,300"
795,11.16,4-Apr-16,11.62,11.02,"914,560,000",11.62,"9,599,070"
796,11.62,3-Apr-16,11.71,11.51,"915,175,000",11.63,"5,580,550"
797,11.6,2-Apr-16,11.69,11.4,"914,995,000",11.63,"8,682,620"
798,11.66,1-Apr-16,11.85,11.4,"896,537,000",11.4,"11,373,100"
799,11.4,31-Mar-16,12.01,11.32,"936,992,000",11.92,"14,966,700"
800,11.95,30-Mar-16,12.18,11.47,"911,902,000",11.61,"19,351,200"
801,11.66,29-Mar-16,11.91,11.35,"923,114,000",11.75,"17,684,200"
802,11.67,28-Mar-16,11.86,10.41,"819,007,000",10.43,"23,188,300"
803,10.42,27-Mar-16,11.05,10.11,"862,211,000",10.99,"16,744,800"
804,10.97,26-Mar-16,11.18,10.59,"844,742,000",10.77,"9,425,480"
805,10.74,25-Mar-16,11.37,10.53,"883,012,000",11.26,"13,782,000"
806,11.23,24-Mar-16,12.5,10.8,"975,295,000",12.44,"26,081,800"
807,12.42,23-Mar-16,12.43,11.24,"887,595,000",11.33,"19,353,200"
808,11.27,22-Mar-16,12.03,11.18,"929,610,000",11.88,"19,730,300"
809,11.86,21-Mar-16,12.01,10.16,"805,997,000",10.3,"28,572,600"
810,10.32,20-Mar-16,10.9,9.57,"822,297,000",10.52,"17,651,100"
811,10.53,19-Mar-16,11.2,9.78,"875,689,000",11.2,"26,735,700"
812,11,18-Mar-16,11.18,8.52,"867,949,000",11.11,"53,956,800"
813,11.08,17-Mar-16,12.64,10.44,"977,389,000",12.56,"41,650,600"
814,12.52,16-Mar-16,13.73,12.5,"1,013,020,000",13.02,"24,335,500"
815,13.01,15-Mar-16,13.2,12.05,"1,011,090,000",13,"28,404,500"
816,12.45,14-Mar-16,15.01,11.58,"1,128,180,000",14.51,"58,385,100"
817,14.47,13-Mar-16,15.26,13.47,"1,049,930,000",13.51,"43,915,100"
818,13.53,12-Mar-16,13.53,11.09,"864,733,000",11.13,"48,957,300"
819,11.08,11-Mar-16,11.6,10.39,"871,511,000",11.22,"21,002,700"
820,11.3,10-Mar-16,12.24,10.99,"922,452,000",11.88,"26,851,500"
821,11.9,9-Mar-16,12.05,9.67,"760,017,000",9.79,"27,540,500"
822,9.85,8-Mar-16,10.17,8.82,"743,456,000",9.58,"25,524,300"
823,9.55,7-Mar-16,11.65,9.31,"886,447,000",11.43,"34,085,100"
824,11.38,6-Mar-16,11.84,9.99,"868,736,000",11.2,"39,112,000"
825,11,5-Mar-16,12.27,9.97,"803,827,000",10.37,"56,439,600"
826,10.41,4-Mar-16,10.41,8.48,"716,027,000",9.24,"35,520,100"
827,9.29,3-Mar-16,10.1,8.33,"653,959,000",8.44,"40,314,900"
828,8.47,2-Mar-16,8.75,7.37,"591,078,000",7.63,"29,130,200"
829,7.65,1-Mar-16,7.91,6.31,"489,188,000",6.32,"23,098,100"
830,6.34,29-Feb-16,6.61,6.05,"499,587,000",6.46,"7,648,020"
831,6.47,28-Feb-16,6.62,6.24,"495,545,000",6.41,"9,851,660"
832,6.43,27-Feb-16,6.53,5.92,"461,169,000",5.96,"8,903,210"
833,5.92,26-Feb-16,6.27,5.74,"466,797,000",6.04,"9,526,860"
834,6.1,25-Feb-16,6.65,5.55,"478,149,000",6.19,"21,471,800"
835,6.24,24-Feb-16,6.24,5.51,"432,977,000",5.6,"11,426,500"
836,5.59,23-Feb-16,5.95,5.39,"439,084,000",5.68,"13,380,600"
837,5.62,22-Feb-16,5.65,4.64,"360,185,000",4.66,"15,056,200"
838,4.65,21-Feb-16,4.71,4.23,"336,572,000",4.36,"6,413,550"
839,4.34,20-Feb-16,4.75,4.13,"361,281,000",4.68,"8,631,090"
840,4.74,19-Feb-16,4.79,4.27,"338,222,000",4.38,"7,666,320"
841,4.4,18-Feb-16,4.77,3.42,"291,068,000",3.77,"17,054,000"
842,3.76,17-Feb-16,4.77,3.5,"330,635,000",4.29,"15,451,000"
843,4.32,16-Feb-16,5.47,4.03,"410,605,000",5.33,"15,889,100"
844,5.29,15-Feb-16,5.89,5.02,"410,643,000",5.33,"13,934,200"
845,5.24,14-Feb-16,5.47,4.45,"416,193,000",5.4,"11,226,500"
846,5.39,13-Feb-16,5.72,4.19,"437,667,000",5.69,"24,218,800"
847,5.55,12-Feb-16,6.58,5.07,"457,618,000",5.95,"23,360,800"
848,6.01,11-Feb-16,6.29,4.34,"345,964,000",4.5,"26,408,200"
849,4.44,10-Feb-16,4.86,3.78,"307,684,000",4,"28,640,400"
850,4.04,9-Feb-16,4.04,3.17,"244,110,000",3.17,"17,954,000"
851,3.18,8-Feb-16,3.27,2.88,"228,504,000",2.97,"9,725,690"
852,2.96,7-Feb-16,3.06,2.54,"194,884,000",2.54,"7,007,060"
853,2.53,6-Feb-16,2.56,2.47,"194,621,000",2.53,"1,921,240"
854,2.54,5-Feb-16,2.61,2.47,"197,363,000",2.57,"2,636,700"
855,2.58,4-Feb-16,2.63,2.44,"194,126,000",2.53,"3,552,320"
856,2.53,3-Feb-16,2.54,2.34,"186,609,000",2.43,"3,987,750"
857,2.44,2-Feb-16,2.45,2.16,"169,923,000",2.22,"3,451,270"
858,2.21,1-Feb-16,2.32,2.12,"177,881,000",2.32,"3,994,100"
859,2.31,31-Jan-16,2.53,2.19,"187,289,000",2.44,"5,847,500"
860,2.45,30-Jan-16,2.61,2.4,"192,176,000",2.51,"3,725,080"
861,2.49,29-Jan-16,2.61,2.3,"194,815,000",2.54,"6,662,340"
862,2.53,28-Jan-16,2.68,2.34,"184,294,000",2.41,"4,903,850"
863,2.39,27-Jan-16,2.59,2.19,"172,061,000",2.25,"6,961,080"
864,2.28,26-Jan-16,2.84,1.99,"193,838,000",2.53,"13,939,200"
865,2.5,25-Jan-16,2.66,2.06,"164,313,000",2.15,"10,739,300"
866,2.14,24-Jan-16,2.3,1.9,"145,358,000",1.9,"9,669,770"
867,1.97,23-Jan-16,2.03,1.5,"115,002,000",1.5,"7,370,980"
868,1.5,22-Jan-16,1.58,1.47,"118,244,000",1.55,"1,567,240"
869,1.55,21-Jan-16,1.59,1.49,"117,111,000",1.53,"1,614,960"
870,1.53,20-Jan-16,1.62,1.35,"104,124,000",1.36,"2,933,220"
871,1.37,19-Jan-16,1.46,1.31,"108,628,000",1.42,"2,446,740"
872,1.43,18-Jan-16,1.54,1.32,"101,699,000",1.33,"4,278,930"
873,1.33,17-Jan-16,1.33,1.21,"93,207,300",1.22,"1,171,150"
874,1.22,16-Jan-16,1.31,1.17,"93,099,400",1.22,"2,462,630"
875,1.21,15-Jan-16,1.32,1.14,"90,321,700",1.18,"3,910,550"
876,1.19,14-Jan-16,1.19,1.1,"85,539,300",1.12,"751,961"
877,1.13,13-Jan-16,1.15,1.08,"86,530,000",1.14,"1,005,910"
878,1.14,12-Jan-16,1.28,1.05,"81,217,300",1.07,"2,898,760"
879,1.06,11-Jan-16,1.07,0.999216,"76,096,500",0.999216,"1,011,920"
880,0.999231,10-Jan-16,1,0.975099,"75,031,200",0.985557,"390,888"
881,0.986833,9-Jan-16,0.992345,0.9736,"75,001,800",0.985501,"226,281"
882,0.986789,8-Jan-16,0.991825,0.939715,"71,724,000",0.942752,"545,600"
883,0.942005,7-Jan-16,0.974623,0.93583,"72,692,900",0.955801,"647,462"
884,0.95086,6-Jan-16,0.960659,0.935708,"72,229,700",0.950028,"308,791"
885,0.950176,5-Jan-16,0.970597,0.946543,"72,442,400",0.953147,"219,833"
886,0.95448,4-Jan-16,0.976438,0.929835,"73,853,900",0.972045,"346,245"
887,0.971905,3-Jan-16,0.991362,0.934313,"71,275,900",0.93843,"407,632"
888,0.937124,2-Jan-16,0.969637,0.93656,"71,933,100",0.947401,"255,504"
889,0.948024,1-Jan-16,0.954822,0.931442,"70,870,900",0.933712,"206,062"
890,0.933542,31-Dec-15,0.975414,0.910277,"69,207,400",0.912098,"663,994"
891,0.911958,30-Dec-15,0.941099,0.866647,"66,314,200",0.874258,"604,078"
892,0.873054,29-Dec-15,0.873054,0.833232,"63,985,600",0.843835,"215,742"
893,0.845005,28-Dec-15,0.872394,0.832932,"64,913,200",0.856356,"235,134"
894,0.856365,27-Dec-15,0.861538,0.841151,"64,650,000",0.853166,"164,565"
895,0.854603,26-Dec-15,0.897453,0.838314,"65,961,900",0.870766,"425,282"
896,0.870363,25-Dec-15,0.882556,0.861993,"65,275,400",0.861993,"187,114"
897,0.863262,24-Dec-15,0.882818,0.8476,"65,060,000",0.859433,"354,646"
898,0.858077,23-Dec-15,0.88294,0.856065,"65,215,800",0.861782,"334,993"
899,0.864202,22-Dec-15,0.909526,0.862059,"67,704,600",0.894973,"454,249"
900,0.900771,21-Dec-15,0.91739,0.891182,"68,521,200",0.906065,"549,113"
901,0.903885,20-Dec-15,0.943185,0.899441,"68,663,100",0.90824,"472,164"
902,0.908072,19-Dec-15,0.925874,0.888916,"69,644,200",0.921524,"343,535"
903,0.920127,18-Dec-15,0.939493,0.908081,"70,890,600",0.938327,"300,787"
904,0.940701,17-Dec-15,0.997611,0.911807,"74,999,300",0.993043,"640,765"
905,0.991182,16-Dec-15,1.02,0.974927,"76,791,600",1.02,"320,767"
906,1.01,15-Dec-15,1.03,0.98224,"74,764,100",0.990589,"578,618"
907,0.993022,14-Dec-15,1.01,0.950178,"72,176,400",0.95662,"563,436"
908,0.952884,13-Dec-15,0.989394,0.937438,"73,276,400",0.971538,"273,614"
909,0.976973,12-Dec-15,1.05,0.928546,"70,210,000",0.931196,"1,376,280"
910,0.929762,11-Dec-15,0.929762,0.819789,"63,312,400",0.839995,"801,072"
911,0.840396,10-Dec-15,0.86159,0.787291,"59,945,000",0.79559,"369,589"
912,0.792167,9-Dec-15,0.824454,0.770488,"62,098,400",0.824454,"624,221"
913,0.822118,8-Dec-15,0.823645,0.782328,"60,690,400",0.806024,"445,903"
914,0.811264,7-Dec-15,0.850791,0.78765,"62,950,900",0.836322,"520,409"
915,0.8355,6-Dec-15,0.882436,0.833115,"65,194,900",0.866417,"443,608"
916,0.862438,5-Dec-15,0.872821,0.824444,"63,276,000",0.841195,"232,743"
917,0.840041,4-Dec-15,0.859575,0.802373,"61,065,700",0.812082,"241,278"
918,0.812143,3-Dec-15,0.837664,0.785086,"61,530,500",0.818546,"539,969"
919,0.82121,2-Dec-15,0.878017,0.818924,"65,615,700",0.873171,"506,307"
920,0.8748,1-Dec-15,0.886736,0.853937,"65,980,000",0.878316,"652,857"
921,0.873119,30-Nov-15,0.895054,0.847696,"66,080,400",0.879951,"784,439"
922,0.878614,29-Nov-15,0.914153,0.860533,"68,625,100",0.914144,"448,358"
923,0.915703,28-Nov-15,0.929293,0.862122,"65,147,000",0.868102,"462,464"
924,0.867951,27-Nov-15,0.900051,0.860695,"66,174,600",0.8821,"403,813"
925,0.884183,26-Nov-15,0.903643,0.80436,"64,740,900",0.863273,"947,473"
926,0.863537,25-Nov-15,0.899493,0.851106,"67,010,200",0.893827,"622,991"
927,0.900191,24-Nov-15,0.948055,0.895931,"70,931,100",0.946442,"524,195"
928,0.946969,23-Nov-15,0.969057,0.93387,"72,484,200",0.967493,"441,875"
929,0.968018,22-Nov-15,0.984132,0.958982,"73,378,800",0.979765,"372,173"
930,0.97614,21-Nov-15,0.978743,0.92094,"69,535,300",0.928758,"455,976"
931,0.92492,20-Nov-15,0.955735,0.898576,"71,532,500",0.955735,"614,335"
932,0.955532,19-Nov-15,1.01,0.937498,"73,976,100",0.988713,"443,528"
933,0.993319,18-Nov-15,1.01,0.940516,"74,287,700",0.993214,"681,104"
934,1.01,17-Nov-15,1.03,0.905794,"69,157,900",0.924948,"1,145,440"
935,0.928962,16-Nov-15,0.944732,0.891971,"67,730,700",0.906166,"620,945"
936,0.906368,15-Nov-15,0.921516,0.874957,"66,590,200",0.891217,"411,848"
937,0.888812,14-Nov-15,0.906113,0.876908,"67,631,900",0.905469,"372,514"
938,0.904096,13-Nov-15,0.917309,0.846023,"67,777,000",0.907722,"543,671"
939,0.895711,12-Nov-15,0.913919,0.76351,"59,448,700",0.796455,"806,156"
940,0.791829,11-Nov-15,0.945278,0.729775,"70,236,200",0.941296,"1,278,580"
941,0.934348,10-Nov-15,1.05,0.920968,"74,685,300",1,"854,581"
942,0.999278,9-Nov-15,1.11,0.945263,"76,991,800",1.03,"2,045,290"
943,1.03,8-Nov-15,1.03,0.915661,"68,254,300",0.915661,"1,021,460"
944,0.927974,7-Nov-15,0.943787,0.863539,"68,833,200",0.923732,"890,187"
945,0.926032,6-Nov-15,0.989848,0.852929,"67,397,100",0.904772,"913,666"
946,0.895637,5-Nov-15,0.991259,0.860382,"67,070,700",0.900699,"1,179,840"
947,0.89905,4-Nov-15,1.04,0.725665,"75,232,400",1.01,"3,060,340"
948,1.01,3-Nov-15,1.07,0.936615,"74,010,000",0.994568,"1,907,690"
949,0.989789,2-Nov-15,1.1,0.953647,"78,701,400",1.06,"1,145,200"
950,1.06,1-Nov-15,1.08,0.899082,"68,477,200",0.920847,"588,913"
951,0.916627,31-Oct-15,1.06,0.900171,"77,800,300",1.05,"673,892"
952,1.04,30-Oct-15,1.35,0.96816,"89,857,400",1.21,"2,429,200"
953,1.21,29-Oct-15,1.21,0.947374,"74,675,600",1.01,"2,279,240"
954,1,28-Oct-15,1.06,0.807857,"64,676,600",0.870938,"2,373,050"
955,0.869641,27-Oct-15,0.898172,0.70889,"52,624,300",0.70889,"1,846,370"
956,0.731317,26-Oct-15,0.757517,0.597098,"45,991,300",0.619743,"1,089,120"
957,0.616039,25-Oct-15,0.688192,0.561383,"41,781,300",0.563207,"635,384"
958,0.56359,24-Oct-15,0.577396,0.518688,"40,022,100",0.539681,"258,356"
959,0.539657,23-Oct-15,0.611743,0.504284,"41,986,400",0.56637,"878,822"
960,0.567702,22-Oct-15,0.619466,0.420991,"32,977,300",0.444988,"924,822"
961,0.447329,21-Oct-15,0.482988,0.420897,"31,973,600",0.431589,"609,085"
962,0.434829,20-Oct-15,0.501898,0.431648,"36,261,200",0.489629,"383,921"
963,0.489014,19-Oct-15,0.521546,0.480994,"38,321,300",0.517621,"243,742"
964,0.517734,18-Oct-15,0.552234,0.512861,"40,550,400",0.547913,"133,690"
965,0.547178,17-Oct-15,0.56346,0.526961,"39,515,900",0.534117,"313,860"
966,0.536495,16-Oct-15,0.568861,0.522533,"41,608,900",0.562593,"249,891"
967,0.561878,15-Oct-15,0.572714,0.51473,"38,688,300",0.523278,"371,022"
968,0.522968,14-Oct-15,0.61224,0.483974,"45,250,600",0.61224,"971,664"
969,0.607655,13-Oct-15,0.63024,0.599214,"46,395,200",0.627943,"303,044"
970,0.62603,12-Oct-15,0.657789,0.62603,"46,864,200",0.634515,"109,567"
971,0.634963,11-Oct-15,0.639506,0.618335,"46,327,500",0.627461,"102,128"
972,0.627857,10-Oct-15,0.649022,0.624374,"47,325,200",0.641187,"141,555"
973,0.650628,9-Oct-15,0.692296,0.632116,"48,334,900",0.655084,"386,420"
974,0.621716,8-Oct-15,0.633138,0.591971,"44,955,900",0.609501,"310,266"
975,0.609388,7-Oct-15,0.656301,0.602423,"47,964,700",0.650515,"218,327"
976,0.650645,6-Oct-15,0.653944,0.60623,"45,863,300",0.622218,"262,674"
977,0.628643,5-Oct-15,0.674438,0.62445,"49,131,600",0.666784,"234,263"
978,0.668379,4-Oct-15,0.693126,0.660716,"50,556,000",0.686343,"103,497"
979,0.687171,3-Oct-15,0.709204,0.675482,"49,981,900",0.678783,"163,326"
980,0.678574,2-Oct-15,0.69112,0.654605,"50,328,700",0.683732,"219,318"
981,0.690215,1-Oct-15,0.734307,0.655906,"54,032,300",0.734307,"596,084"
982,0.738644,30-Sep-15,0.746722,0.635861,"48,636,600",0.661192,"619,926"
983,0.661146,29-Sep-15,0.67583,0.558346,"42,607,700",0.579414,"913,992"
984,0.582886,28-Sep-15,0.725677,0.557062,"53,201,800",0.723715,"1,320,890"
985,0.720839,27-Sep-15,0.791277,0.719169,"58,149,600",0.791277,"413,801"
986,0.785964,26-Sep-15,0.787544,0.709328,"54,188,900",0.73763,"369,620"
987,0.736223,25-Sep-15,0.825665,0.712745,"60,221,400",0.820031,"903,457"
988,0.81361,24-Sep-15,0.908571,0.79346,"65,836,400",0.896796,"842,505"
989,0.893406,23-Sep-15,0.90891,0.885136,"66,309,600",0.90356,"200,541"
990,0.901796,22-Sep-15,0.919337,0.865225,"67,444,200",0.919337,"487,914"
991,0.919047,21-Sep-15,0.957326,0.878301,"69,045,900",0.941496,"424,039"
992,0.938445,20-Sep-15,0.947741,0.873205,"64,600,000",0.881191,"508,314"
993,0.882391,19-Sep-15,0.911883,0.833784,"62,262,700",0.849603,"386,988"
994,0.853685,18-Sep-15,0.888102,0.833908,"64,071,300",0.874574,"484,622"
995,0.874231,17-Sep-15,0.909204,0.831132,"66,415,200",0.906865,"897,940"
996,0.907175,16-Sep-15,0.952698,0.901639,"68,963,300",0.941977,"615,593"
997,0.94441,15-Sep-15,1.05,0.875189,"64,052,400",0.875189,"703,390"
998,0.875622,14-Sep-15,0.949387,0.87176,"68,814,400",0.940566,"741,085"
999,0.936003,13-Sep-15,1.04,0.902832,"76,193,600",1.04,"644,138"
1000,1.04,12-Sep-15,1.11,0.96978,"72,179,000",0.987228,"772,430"
1001,0.982978,11-Sep-15,1.17,0.940675,"85,144,300",1.16,"1,942,600"
1002,1.17,10-Sep-15,1.22,1.14,"88,230,500",1.21,"662,782"
1003,1.21,9-Sep-15,1.26,1.2,"90,518,300",1.24,"366,748"
1004,1.24,8-Sep-15,1.28,1.23,"91,020,700",1.25,"427,892"
1005,1.25,7-Sep-15,1.31,1.24,"94,585,300",1.3,"489,014"
1006,1.3,6-Sep-15,1.37,1.29,"97,625,500",1.34,"491,968"
1007,1.34,5-Sep-15,1.34,1.27,"93,402,300",1.28,"448,453"
1008,1.27,4-Sep-15,1.3,1.24,"92,234,100",1.26,"474,391"
1009,1.26,3-Sep-15,1.31,1.21,"94,418,700",1.3,"702,991"
1010,1.29,2-Sep-15,1.35,1.26,"98,504,600",1.35,"883,769"
1011,1.35,1-Sep-15,1.39,1.34,"98,617,200",1.35,"778,862"
1012,1.36,31-Aug-15,1.4,1.2,"96,251,000",1.32,"1,447,180"
1013,1.32,30-Aug-15,1.37,1.17,"86,145,900",1.18,"1,337,650"
1014,1.18,29-Aug-15,1.21,1.15,"86,887,600",1.19,"375,377"
1015,1.19,28-Aug-15,1.21,1.12,"83,521,700",1.15,"721,872"
1016,1.15,27-Aug-15,1.19,1.14,"85,106,100",1.17,"686,662"
1017,1.16,26-Aug-15,1.2,1.06,"82,384,400",1.13,"1,056,750"
1018,1.14,25-Aug-15,1.24,1.13,"89,321,900",1.23,"1,307,180"
1019,1.23,24-Aug-15,1.36,1.23,"97,791,600",1.35,"924,920"
1020,1.35,23-Aug-15,1.41,1.3,"99,894,500",1.38,"1,589,300"
1021,1.38,22-Aug-15,1.48,1.35,"101,404,000",1.4,"948,310"
1022,1.4,21-Aug-15,1.56,1.35,"107,266,000",1.48,"2,020,970"
1023,1.46,20-Aug-15,1.53,1.25,"90,809,000",1.25,"2,843,760"
1024,1.26,19-Aug-15,1.32,1.17,"84,663,900",1.17,"1,486,240"
1025,1.09,18-Aug-15,1.33,1.09,"88,143,200",1.22,"1,485,680"
1026,1.2,17-Aug-15,1.58,1.19,"95,819,700",1.58,"1,942,830"
1027,1.57,16-Aug-15,1.7,1.09,"102,028,000",1.68,"3,550,790"
1028,1.69,15-Aug-15,1.88,1.57,"109,160,000",1.8,"2,554,360"
1029,1.83,14-Aug-15,2.26,1.75,"109,594,000",1.81,"4,637,030"
1030,1.83,13-Aug-15,1.97,1.17,"73,935,400",1.22,"4,068,680"
1031,1.22,12-Aug-15,1.29,0.883608,"64,018,400",1.06,"2,150,620"
1032,1.07,11-Aug-15,1.13,0.663235,"42,796,500",0.708087,"1,463,100"
1033,0.708448,10-Aug-15,0.729854,0.636546,"43,130,000",0.713989,"405,283"
1034,0.701897,9-Aug-15,0.87981,0.629191,"42,637,600",0.706136,"532,170"
1035,0.753325,8-Aug-15,2.8,0.714725,"167,911,000",2.79,"674,188"
1036,2.77,7-Aug-15,3.54,2.52,-,2.83,"164,329"
